{
    "name": "root",
    "gauges": {
        "AvoidObstacles.Policy.Entropy.mean": {
            "value": 0.4361550509929657,
            "min": 0.19144541025161743,
            "max": 1.576567530632019,
            "count": 1294
        },
        "AvoidObstacles.Policy.Entropy.sum": {
            "value": 4372.890625,
            "min": 1919.431640625,
            "max": 16372.39453125,
            "count": 1294
        },
        "AvoidObstacles.Environment.LessonNumber.bullet_speed.mean": {
            "value": 4.0,
            "min": 0.0,
            "max": 4.0,
            "count": 1294
        },
        "AvoidObstacles.Environment.LessonNumber.bullet_speed.sum": {
            "value": 4.0,
            "min": 0.0,
            "max": 4.0,
            "count": 1294
        },
        "AvoidObstacles.Environment.EpisodeLength.mean": {
            "value": 67.97692307692307,
            "min": 49.08383233532934,
            "max": 1999.0,
            "count": 1294
        },
        "AvoidObstacles.Environment.EpisodeLength.sum": {
            "value": 8837.0,
            "min": 1999.0,
            "max": 17402.0,
            "count": 1294
        },
        "AvoidObstacles.Policy.ExtrinsicValueEstimate.mean": {
            "value": 0.7033725380897522,
            "min": -0.6619822382926941,
            "max": 0.8575859665870667,
            "count": 1294
        },
        "AvoidObstacles.Policy.ExtrinsicValueEstimate.sum": {
            "value": 107.61599731445312,
            "min": -55.60650634765625,
            "max": 152.63851928710938,
            "count": 1294
        },
        "AvoidObstacles.Environment.CumulativeReward.mean": {
            "value": 0.9353931087232729,
            "min": -1.180833342174689,
            "max": 0.9749462133453738,
            "count": 1294
        },
        "AvoidObstacles.Environment.CumulativeReward.sum": {
            "value": 122.53649724274874,
            "min": -21.859499633312225,
            "max": 183.1269958205521,
            "count": 1294
        },
        "AvoidObstacles.Policy.ExtrinsicReward.mean": {
            "value": 0.9353931087232729,
            "min": -1.180833342174689,
            "max": 0.9749462133453738,
            "count": 1294
        },
        "AvoidObstacles.Policy.ExtrinsicReward.sum": {
            "value": 122.53649724274874,
            "min": -21.859499633312225,
            "max": 183.1269958205521,
            "count": 1294
        },
        "AvoidObstacles.Losses.PolicyLoss.mean": {
            "value": 0.028540387240354903,
            "min": 0.023356676385446917,
            "max": 0.044456445684772916,
            "count": 1294
        },
        "AvoidObstacles.Losses.PolicyLoss.sum": {
            "value": 0.08562116172106471,
            "min": 0.046713352770893835,
            "max": 0.12563578682602383,
            "count": 1294
        },
        "AvoidObstacles.Losses.ValueLoss.mean": {
            "value": 0.005251903501630295,
            "min": 0.00086796844334458,
            "max": 0.11135033960454166,
            "count": 1294
        },
        "AvoidObstacles.Losses.ValueLoss.sum": {
            "value": 0.015755710504890885,
            "min": 0.00173593688668916,
            "max": 0.22270067920908332,
            "count": 1294
        },
        "AvoidObstacles.Policy.LearningRate.mean": {
            "value": 9.741292592041e-05,
            "min": 9.741292592041e-05,
            "max": 9.99987055012945e-05,
            "count": 1294
        },
        "AvoidObstacles.Policy.LearningRate.sum": {
            "value": 0.00029223877776123,
            "min": 0.0001948299819700232,
            "max": 0.0002999848152151848,
            "count": 1294
        },
        "AvoidObstacles.Policy.Epsilon.mean": {
            "value": 0.19741292333333335,
            "min": 0.19741292333333335,
            "max": 0.1999987055,
            "count": 1294
        },
        "AvoidObstacles.Policy.Epsilon.sum": {
            "value": 0.59223877,
            "min": 0.39482997680000004,
            "max": 0.5999848152,
            "count": 1294
        },
        "AvoidObstacles.Policy.Beta.mean": {
            "value": 9.767163099999999e-05,
            "min": 9.767163099999999e-05,
            "max": 9.999883495e-05,
            "count": 1294
        },
        "AvoidObstacles.Policy.Beta.sum": {
            "value": 0.000293014893,
            "min": 0.00019534697912000003,
            "max": 0.00029998633368000005,
            "count": 1294
        },
        "AvoidObstacles.IsTraining.mean": {
            "value": 1.0,
            "min": 1.0,
            "max": 1.0,
            "count": 1294
        },
        "AvoidObstacles.IsTraining.sum": {
            "value": 1.0,
            "min": 1.0,
            "max": 1.0,
            "count": 1294
        }
    },
    "metadata": {
        "timer_format_version": "0.1.0",
        "start_time_seconds": "1654644825",
        "python_version": "3.9.0 (tags/v3.9.0:9cf6752, Oct  5 2020, 15:34:40) [MSC v.1927 64 bit (AMD64)]",
        "command_line_arguments": "C:\\Python39\\Scripts\\mlagents-learn Config/AvoidObstacles.yaml --run-id=SingleZombie --force",
        "mlagents_version": "0.25.0",
        "mlagents_envs_version": "0.25.0",
        "communication_protocol_version": "1.5.0",
        "pytorch_version": "1.7.1+cu110",
        "numpy_version": "1.19.5",
        "end_time_seconds": "1654676199"
    },
    "total": 31373.082099799998,
    "count": 1,
    "self": 0.016018099995562807,
    "children": {
        "run_training.setup": {
            "total": 0.11141050000000008,
            "count": 1,
            "self": 0.11141050000000008
        },
        "TrainerController.start_learning": {
            "total": 31372.9546712,
            "count": 1,
            "self": 59.54407090025779,
            "children": {
                "TrainerController._reset_env": {
                    "total": 10.9942239,
                    "count": 1,
                    "self": 10.9942239
                },
                "TrainerController.advance": {
                    "total": 31302.29549889974,
                    "count": 1438201,
                    "self": 39.354959901505936,
                    "children": {
                        "env_step": {
                            "total": 31262.940538998235,
                            "count": 1438201,
                            "self": 25211.99502349955,
                            "children": {
                                "SubprocessEnvManager._take_step": {
                                    "total": 6030.109902598416,
                                    "count": 1438201,
                                    "self": 82.12263079790227,
                                    "children": {
                                        "TorchPolicy.evaluate": {
                                            "total": 5947.987271800514,
                                            "count": 1438201,
                                            "self": 2488.2500921996498,
                                            "children": {
                                                "TorchPolicy.sample_actions": {
                                                    "total": 3459.737179600864,
                                                    "count": 1438201,
                                                    "self": 3459.737179600864
                                                }
                                            }
                                        }
                                    }
                                },
                                "workers": {
                                    "total": 20.835612900272622,
                                    "count": 1438200,
                                    "self": 0.0,