{
    "name": "root",
    "gauges": {
        "AvoidProjectile.Policy.Entropy.mean": {
            "value": 0.12117540836334229,
            "min": 0.12117540836334229,
            "max": 1.2988770008087158,
            "count": 10
        },
        "AvoidProjectile.Policy.Entropy.sum": {
            "value": 1209.0882568359375,
            "min": 1209.0882568359375,
            "max": 13213.4755859375,
            "count": 10
        },
        "AvoidProjectile.Policy.ExtrinsicValueEstimate.mean": {
            "value": 1.2254853248596191,
            "min": 0.3777470290660858,
            "max": 1.4033452272415161,
            "count": 10
        },
        "AvoidProjectile.Policy.ExtrinsicValueEstimate.sum": {
            "value": 224.26380920410156,
            "min": 59.30628204345703,
            "max": 258.21551513671875,
            "count": 10
        },
        "AvoidProjectile.Losses.PolicyLoss.mean": {
            "value": 0.6451352361622226,
            "min": 0.516500324405243,
            "max": 0.8066517348391015,
            "count": 10
        },
        "AvoidProjectile.Losses.PolicyLoss.sum": {
            "value": 57.417036018437805,
            "min": 22.209513949425446,
            "max": 73.40530787035823,
            "count": 10
        },
        "AvoidProjectile.Losses.ValueLoss.mean": {
            "value": 0.15838895928087748,
            "min": 0.030261373869856785,
            "max": 0.15838895928087748,
            "count": 10
        },
        "AvoidProjectile.Losses.ValueLoss.sum": {
            "value": 14.096617375998095,
            "min": 1.3012390764038417,
            "max": 14.096617375998095,
            "count": 10
        },
        "AvoidProjectile.Policy.LearningRate.mean": {
            "value": 0.0002994303067966393,
            "min": 0.0002994303067966393,
            "max": 0.0002999611581059705,
            "count": 10
        },
        "AvoidProjectile.Policy.LearningRate.sum": {
            "value": 0.0266492973049009,
            "min": 0.012898329798556731,
            "max": 0.027259049083650306,
            "count": 10
        },
        "AvoidProjectile.Policy.Epsilon.mean": {
            "value": 0.05009494889887642,
            "min": 0.05000647365116281,
            "max": 0.05009494889887642,
            "count": 10
        },
        "AvoidProjectile.Policy.Epsilon.sum": {
            "value": 4.458450452000001,
            "min": 2.1502783670000007,
            "max": 4.556825155,
            "count": 10
        },
        "AvoidProjectile.Policy.Beta.mean": {
            "value": 0.0004990695007910113,
            "min": 0.0004990695007910113,
            "max": 0.0004999365582186047,
            "count": 10
        },
        "AvoidProjectile.Policy.Beta.sum": {
            "value": 0.0444171855704,
            "min": 0.0214972720034,
            "max": 0.045433113481,
            "count": 10
        },
        "AvoidProjectile.Environment.EpisodeLength.mean": {
            "value": 247.9268292682927,
            "min": 247.9268292682927,
            "max": 1167.2,
            "count": 10
        },
        "AvoidProjectile.Environment.EpisodeLength.sum": {
            "value": 10165.0,
            "min": 5836.0,
            "max": 12714.0,
            "count": 10
        },
        "AvoidProjectile.Environment.CumulativeReward.mean": {
            "value": 5.634877639572795,
            "min": 4.1959998711943625,
            "max": 6.167419184600154,
            "count": 10
        },
        "AvoidProjectile.Environment.CumulativeReward.sum": {
            "value": 231.0299832224846,
            "min": 20.979999355971813,
            "max": 234.40998539328575,
            "count": 10
        },
        "AvoidProjectile.Policy.ExtrinsicReward.mean": {
            "value": 5.634877639572795,
            "min": 4.1959998711943625,
            "max": 6.167419184600154,
            "count": 10
        },
        "AvoidProjectile.Policy.ExtrinsicReward.sum": {
            "value": 231.0299832224846,
            "min": 20.979999355971813,
            "max": 234.40998539328575,
            "count": 10
        },
        "AvoidProjectile.IsTraining.mean": {
            "value": 1.0,
            "min": 1.0,
            "max": 1.0,
            "count": 10
        },
        "AvoidProjectile.IsTraining.sum": {
            "value": 1.0,
            "min": 1.0,
            "max": 1.0,
            "count": 10
        }
    },
    "metadata": {
        "timer_format_version": "0.1.0",
        "start_time_seconds": "1647891025",
        "python_version": "3.9.0 (tags/v3.9.0:9cf6752, Oct  5 2020, 15:34:40) [MSC v.1927 64 bit (AMD64)]",
        "command_line_arguments": "C:\\Python39\\Scripts\\mlagents-learn Config\\MoveToGoal.yaml --run-id=Labyrinth4 --force",
        "mlagents_version": "0.25.0",
        "mlagents_envs_version": "0.25.0",
        "communication_protocol_version": "1.5.0",
        "pytorch_version": "1.7.1+cu110",
        "numpy_version": "1.19.5",
        "end_time_seconds": "1647891479"
    },
    "total": 453.0930518,
    "count": 1,
    "self": 0.006776999999999589,
    "children": {
        "run_training.setup": {
            "total": 0.15624639999999967,
            "count": 1,
            "self": 0.15624639999999967
        },
        "TrainerController.start_learning": {
            "total": 452.9300284,
            "count": 1,
            "self": 0.9354076000022928,
            "children": {
                "TrainerController._reset_env": {
                    "total": 24.0557401,
                    "count": 1,
                    "self": 24.0557401
                },
                "TrainerController.advance": {
                    "total": 427.26007899999775,
                    "count": 33115,
                    "self": 0.4772208999961549,
                    "children": {
                        "env_step": {
                            "total": 426.7828581000016,
                            "count": 33115,
                            "self": 305.5849366000043,
                            "children": {
                                "SubprocessEnvManager._take_step": {
                                    "total": 120.72008889999633,
                                    "count": 33115,
                                    "self": 2.457297499990787,
                                    "children": {
                                        "TorchPolicy.evaluate": {
                                            "total": 118.26279140000554,
                                            "count": 32978,
                                            "self": 43.82523900000322,
                                            "children": {
                                                "TorchPolicy.sample_actions": {
                                                    "total": 74.43755240000232,
                                                    "count": 32978,
                                                    "self": 74.43755240000232
                                                }
                                            }
                                        }
                                    }
                                },
                                "workers": {
                                    "total": 0.47783260000098693,
                                    "count": 33114,
                                    "self": 0.0,
                                    "children": {
                                        "worker_root": {
                                            "total": 434.1322215999967,
                                            "count": 33114,
                                            "is_parallel": true,
                                            "self": 171.3677394999936,