{
    "name": "root",
    "gauges": {
        "AvoidObstacles.Policy.Entropy.mean": {
            "value": 0.5927678346633911,
            "min": 0.005137970205396414,
            "max": 1.1558542251586914,
            "count": 839
        },
        "AvoidObstacles.Policy.Entropy.sum": {
            "value": 11829.8671875,
            "min": 102.75426483154297,
            "max": 23407.205078125,
            "count": 839
        },
        "AvoidObstacles.Policy.ExtrinsicValueEstimate.mean": {
            "value": -0.007101042661815882,
            "min": -11.051156997680664,
            "max": 13.1796236038208,
            "count": 839
        },
        "AvoidObstacles.Policy.ExtrinsicValueEstimate.sum": {
            "value": -2.2794346809387207,
            "min": -3558.47265625,
            "max": 4204.2998046875,
            "count": 839
        },
        "AvoidObstacles.Losses.PolicyLoss.mean": {
            "value": 0.044871473987178334,
            "min": 0.03565578210461688,
            "max": 0.05202755055614505,
            "count": 839
        },
        "AvoidObstacles.Losses.PolicyLoss.sum": {
            "value": 0.8525580057563883,
            "min": 0.6478918594463418,
            "max": 0.982751493419831,
            "count": 839
        },
        "AvoidObstacles.Losses.ValueLoss.mean": {
            "value": 0.0032133747519741233,
            "min": 0.0001387754964944658,
            "max": 482.0279094163785,
            "count": 839
        },
        "AvoidObstacles.Losses.ValueLoss.sum": {
            "value": 0.06105412028750834,
            "min": 0.00263673443339485,
            "max": 9158.530278911192,
            "count": 839
        },
        "AvoidObstacles.Policy.LearningRate.mean": {
            "value": 0.00019937872648780408,
            "min": 0.00019937872648780408,
            "max": 0.00029993619135460284,
            "count": 839
        },
        "AvoidObstacles.Policy.LearningRate.sum": {
            "value": 0.0037881958032682777,
            "min": 0.0035909757990082677,
            "max": 0.00569429688190104,
            "count": 839
        },
        "AvoidObstacles.Policy.Epsilon.mean": {
            "value": 0.16645956431578948,
            "min": 0.16645956431578948,
            "max": 0.19997873044444445,
            "count": 839
        },
        "AvoidObstacles.Policy.Epsilon.sum": {
            "value": 3.162731722,
            "min": 2.9969917320000006,
            "max": 3.7980989600000004,
            "count": 839
        },
        "AvoidObstacles.Policy.Beta.mean": {
            "value": 0.0003356518651473684,
            "min": 0.0003356518651473684,
            "max": 0.0004998957791777777,
            "count": 839
        },
        "AvoidObstacles.Policy.Beta.sum": {
            "value": 0.0063773854378,
            "min": 0.0060452594868,
            "max": 0.009490684904,
            "count": 839
        },
        "AvoidObstacles.Environment.EpisodeLength.mean": {
            "value": 1460.6153846153845,
            "min": 480.94117647058823,
            "max": 1999.0,
            "count": 839
        },
        "AvoidObstacles.Environment.EpisodeLength.sum": {
            "value": 18988.0,
            "min": 12972.0,
            "max": 26991.0,
            "count": 839
        },
        "AvoidObstacles.Environment.CumulativeReward.mean": {
            "value": -0.17169230362812343,
            "min": -0.9029705950832816,
            "max": 0.39634999120025893,
            "count": 839
        },
        "AvoidObstacles.Environment.CumulativeReward.sum": {
            "value": -2.2319999471656047,
            "min": -32.57649970269995,
            "max": 4.800999969302211,
            "count": 839
        },
        "AvoidObstacles.Policy.ExtrinsicReward.mean": {
            "value": -0.17169230362812343,
            "min": -0.9029705950832816,
            "max": 0.39634999120025893,
            "count": 839
        },
        "AvoidObstacles.Policy.ExtrinsicReward.sum": {
            "value": -2.2319999471656047,
            "min": -32.57649970269995,
            "max": 4.800999969302211,
            "count": 839
        },
        "AvoidObstacles.IsTraining.mean": {
            "value": 1.0,
            "min": 1.0,
            "max": 1.0,
            "count": 839
        },
        "AvoidObstacles.IsTraining.sum": {
            "value": 1.0,
            "min": 1.0,
            "max": 1.0,
            "count": 839
        }
    },
    "metadata": {
        "timer_format_version": "0.1.0",
        "start_time_seconds": "1647989865",
        "python_version": "3.9.0 (tags/v3.9.0:9cf6752, Oct  5 2020, 15:34:40) [MSC v.1927 64 bit (AMD64)]",
        "command_line_arguments": "C:\\Python39\\Scripts\\mlagents-learn Config\\AvoidObstacles.yaml --run-id=FindTargetShoot1 --force",
        "mlagents_version": "0.25.0",
        "mlagents_envs_version": "0.25.0",
        "communication_protocol_version": "1.5.0",
        "pytorch_version": "1.7.1+cu110",
        "numpy_version": "1.19.5",
        "end_time_seconds": "1648027266"
    },
    "total": 37401.6287867,
    "count": 1,
    "self": 0.007307499996386468,
    "children": {
        "run_training.setup": {
            "total": 0.10799840000000005,
            "count": 1,
            "self": 0.10799840000000005
        },
        "TrainerController.start_learning": {
            "total": 37401.5134808,
            "count": 1,
            "self": 60.70050719920255,
            "children": {
                "TrainerController._reset_env": {
                    "total": 15.917807700000001,
                    "count": 1,
                    "self": 15.917807700000001
                },
                "TrainerController.advance": {
                    "total": 37324.81955250079,
                    "count": 2397851,
                    "self": 30.09546750032314,
                    "children": {
                        "env_step": {
                            "total": 37294.72408500047,
                            "count": 2397851,
                            "self": 30524.656248403455,
                            "children": {
                                "SubprocessEnvManager._take_step": {
                                    "total": 6738.342829699746,
                                    "count": 2397851,
                                    "self": 128.86156609827412,
                                    "children": {
                                        "TorchPolicy.evaluate": {
                                            "total": 6609.481263601472,
                                            "count": 2397851,
                                            "self": 2402.1101393026356,
                                            "children": {
                                                "TorchPolicy.sample_actions": {
                                                    "total": 4207.371124298837,
                                                    "count": 2397851,
                                                    "self": 4207.371124298837
                                                }
                                            }
                                        }
                                    }
                                },
                                "workers": {
                                    "total": 31.72500689726532,
                                    "count": 2397850,
                                    "self": 0.0,
                                    "children": {
                                        "worker_root": {
                                            "total": 37312.94791500059,
                                            "count": 2397850,
                                            "is_parallel": true,
                                            "self": 13058.978132405395,