{
    "name": "root",
    "gauges": {
        "SimpleAvoid.Policy.Entropy.mean": {
            "value": 0.2794604003429413,
            "min": 0.13884654641151428,
            "max": 1.384588360786438,
            "count": 129
        },
        "SimpleAvoid.Policy.Entropy.sum": {
            "value": 5598.70947265625,
            "min": 2796.647216796875,
            "max": 27971.453125,
            "count": 129
        },
        "SimpleAvoid.Environment.EpisodeLength.mean": {
            "value": 694.8214285714286,
            "min": 115.14545454545454,
            "max": 912.6818181818181,
            "count": 129
        },
        "SimpleAvoid.Environment.EpisodeLength.sum": {
            "value": 19455.0,
            "min": 17256.0,
            "max": 23319.0,
            "count": 129
        },
        "SimpleAvoid.Policy.ExtrinsicValueEstimate.mean": {
            "value": -0.061071887612342834,
            "min": -0.45338618755340576,
            "max": 0.11145894974470139,
            "count": 129
        },
        "SimpleAvoid.Policy.ExtrinsicValueEstimate.sum": {
            "value": -19.726219177246094,
            "min": -166.39273071289062,
            "max": 41.574188232421875,
            "count": 129
        },
        "SimpleAvoid.Environment.CumulativeReward.mean": {
            "value": -0.11107143433764577,
            "min": -0.9646666770067179,
            "max": 0.09181817688725212,
            "count": 129
        },
        "SimpleAvoid.Environment.CumulativeReward.sum": {
            "value": -3.1100001614540815,
            "min": -159.17000170610845,
            "max": 2.0199998915195465,
            "count": 129
        },
        "SimpleAvoid.Policy.ExtrinsicReward.mean": {
            "value": -0.11107143433764577,
            "min": -0.9646666770067179,
            "max": 0.09181817688725212,
            "count": 129
        },
        "SimpleAvoid.Policy.ExtrinsicReward.sum": {
            "value": -3.1100001614540815,
            "min": -159.17000170610845,
            "max": 2.0199998915195465,
            "count": 129
        },
        "SimpleAvoid.Losses.PolicyLoss.mean": {
            "value": 0.04612059535510424,
            "min": 0.03829021510267793,
            "max": 0.052700591316722604,
            "count": 129
        },
        "SimpleAvoid.Losses.PolicyLoss.sum": {
            "value": 0.8301707163918762,
            "min": 0.6966581980620201,
            "max": 0.9486106437010069,
            "count": 129
        },
        "SimpleAvoid.Losses.ValueLoss.mean": {
            "value": 0.00841217066785989,
            "min": 0.0009821746583551622,
            "max": 0.6656389532058878,
            "count": 129
        },
        "SimpleAvoid.Losses.ValueLoss.sum": {
            "value": 0.15141907202147803,
            "min": 0.01866131850874808,
            "max": 11.981501157705981,
            "count": 129
        },
        "SimpleAvoid.Policy.LearningRate.mean": {
            "value": 0.00028457942280686073,
            "min": 0.00028457942280686073,
            "max": 0.0002999397553534149,
            "count": 129
        },
        "SimpleAvoid.Policy.LearningRate.sum": {
            "value": 0.005122429610523493,
            "min": 0.004886823893058726,
            "max": 0.0056966229251256915,
            "count": 129
        },
        "SimpleAvoid.Policy.Epsilon.mean": {
            "value": 0.1948598058888889,
            "min": 0.1948598058888889,
            "max": 0.19997991844444446,
            "count": 129
        },
        "SimpleAvoid.Policy.Epsilon.sum": {
            "value": 3.507476506,
            "min": 3.328941274,
            "max": 3.798874308,
            "count": 129
        },
        "SimpleAvoid.Policy.Beta.mean": {
            "value": 0.00047481304885555554,
            "min": 0.00047481304885555554,
            "max": 0.0004999016003777778,
            "count": 129
        },
        "SimpleAvoid.Policy.Beta.sum": {
            "value": 0.0085466348794,
            "min": 0.008151812242600002,
            "max": 0.009494484109199999,
            "count": 129
        },
        "SimpleAvoid.IsTraining.mean": {
            "value": 1.0,
            "min": 1.0,
            "max": 1.0,
            "count": 129
        },
        "SimpleAvoid.IsTraining.sum": {
            "value": 1.0,
            "min": 1.0,
            "max": 1.0,
            "count": 129
        }
    },
    "metadata": {
        "timer_format_version": "0.1.0",
        "start_time_seconds": "1649165981",
        "python_version": "3.9.0 (tags/v3.9.0:9cf6752, Oct  5 2020, 15:34:40) [MSC v.1927 64 bit (AMD64)]",
        "command_line_arguments": "C:\\Python39\\Scripts\\mlagents-learn Config/AvoidProjectilesSimple.yaml --run-id=SimpleAvoid3 --force",
        "mlagents_version": "0.25.0",
        "mlagents_envs_version": "0.25.0",
        "communication_protocol_version": "1.5.0",
        "pytorch_version": "1.7.1+cu110",
        "numpy_version": "1.19.5",
        "end_time_seconds": "1649172314"
    },
    "total": 6333.4125764,
    "count": 1,
    "self": 0.0078985999998622,
    "children": {
        "run_training.setup": {
            "total": 0.12174499999999999,
            "count": 1,
            "self": 0.12174499999999999
        },
        "TrainerController.start_learning": {
            "total": 6333.2829328,
            "count": 1,
            "self": 11.688242799970794,
            "children": {
                "TrainerController._reset_env": {
                    "total": 13.064112999999999,
                    "count": 1,
                    "self": 13.064112999999999
                },
                "TrainerController.advance": {
                    "total": 6308.433212900029,
                    "count": 436884,
                    "self": 5.604393000135133,
                    "children": {
                        "env_step": {
                            "total": 6302.8288198998935,
                            "count": 436884,
                            "self": 4975.655619500007,
                            "children": {
                                "SubprocessEnvManager._take_step": {
                                    "total": 1320.9254889999231,
                                    "count": 436884,
                                    "self": 25.625336799884735,
                                    "children": {
                                        "TorchPolicy.evaluate": {
                                            "total": 1295.3001522000384,
                                            "count": 433267,
                                            "self": 458.2471761999375,
                                            "children": {
                                                "TorchPolicy.sample_actions": {
                                                    "total": 837.0529760001009,
                                                    "count": 433267,
                                                    "self": 837.0529760001009
                                                }
                                            }
                                        }
                                    }
                                },
                                "workers": {
                                    "total": 6.2477113999642455,
                                    "count": 436883,
                                    "self": 0.0,
                                    "children": {
                                        "worker_root": {
                                            "total": 6309.687657799951,
                                            "count": 436883,
                                            "is_parallel": true,
                                            "self": 2240.092180299784,