{
    "name": "root",
    "gauges": {
        "AvoidProjectile.Policy.Entropy.mean": {
            "value": 0.2933097183704376,
            "min": 0.07772914320230484,
            "max": 1.3753139972686768,
            "count": 1563
        },
        "AvoidProjectile.Policy.Entropy.sum": {
            "value": 2903.766357421875,
            "min": 815.6896362304688,
            "max": 15596.060546875,
            "count": 1563
        },
        "AvoidProjectile.Environment.EpisodeLength.mean": {
            "value": 186.66071428571428,
            "min": 110.75308641975309,
            "max": 350.7,
            "count": 1563
        },
        "AvoidProjectile.Environment.EpisodeLength.sum": {
            "value": 10453.0,
            "min": 6602.0,
            "max": 13289.0,
            "count": 1563
        },
        "AvoidProjectile.Policy.ExtrinsicValueEstimate.mean": {
            "value": -0.16460570693016052,
            "min": -0.6699313521385193,
            "max": 4.912661075592041,
            "count": 1563
        },
        "AvoidProjectile.Policy.ExtrinsicValueEstimate.sum": {
            "value": -29.95823860168457,
            "min": -118.57785034179688,
            "max": 928.492919921875,
            "count": 1563
        },
        "AvoidProjectile.Environment.CumulativeReward.mean": {
            "value": -0.36111109027708016,
            "min": -0.7714285462917316,
            "max": 0.37083334662020206,
            "count": 1563
        },
        "AvoidProjectile.Environment.CumulativeReward.sum": {
            "value": -19.49999887496233,
            "min": -64.79999788850546,
            "max": 10.50000049173832,
            "count": 1563
        },
        "AvoidProjectile.Policy.ExtrinsicReward.mean": {
            "value": -0.36111109027708016,
            "min": -0.7714285462917316,
            "max": 0.37083334662020206,
            "count": 1563
        },
        "AvoidProjectile.Policy.ExtrinsicReward.sum": {
            "value": -19.49999887496233,
            "min": -64.79999788850546,
            "max": 10.50000049173832,
            "count": 1563
        },
        "AvoidProjectile.Losses.PolicyLoss.mean": {
            "value": 0.24400641960102984,
            "min": 0.22296969608299047,
            "max": 0.39710728530883116,
            "count": 1563
        },
        "AvoidProjectile.Losses.PolicyLoss.sum": {
            "value": 2.1960577764092686,
            "min": 1.855201995997065,
            "max": 3.5739655677794806,
            "count": 1563
        },
        "AvoidProjectile.Losses.ValueLoss.mean": {
            "value": 0.04154359359436747,
            "min": 0.013386046064068437,
            "max": 30.204668252091103,
            "count": 1563
        },
        "AvoidProjectile.Losses.ValueLoss.sum": {
            "value": 0.37389234234930724,
            "min": 0.1070883685125475,
            "max": 271.8420142688199,
            "count": 1563
        },
        "AvoidProjectile.Policy.LearningRate.mean": {
            "value": 0.000206249137250298,
            "min": 0.000206249137250298,
            "max": 0.0002999734718270245,
            "count": 1563
        },
        "AvoidProjectile.Policy.LearningRate.sum": {
            "value": 0.001856242235252682,
            "min": 0.001653361082879722,
            "max": 0.0032997081900972692,
            "count": 1563
        },
        "AvoidProjectile.Policy.Epsilon.mean": {
            "value": 0.168749702,
            "min": 0.168749702,
            "max": 0.1999911572727273,
            "count": 1563
        },
        "AvoidProjectile.Policy.Epsilon.sum": {
            "value": 1.518747318,
            "min": 1.3511202780000002,
            "max": 2.1999027300000003,
            "count": 1563
        },
        "AvoidProjectile.Policy.Beta.mean": {
            "value": 0.0003468735398000001,
            "min": 0.0003468735398000001,
            "max": 0.0004999566706363636,
            "count": 1563
        },
        "AvoidProjectile.Policy.Beta.sum": {
            "value": 0.0031218618582000007,
            "min": 0.0027804893622000006,
            "max": 0.005499523376999999,
            "count": 1563
        },
        "AvoidProjectile.IsTraining.mean": {
            "value": 1.0,
            "min": 1.0,
            "max": 1.0,
            "count": 1563
        },
        "AvoidProjectile.IsTraining.sum": {
            "value": 1.0,
            "min": 1.0,
            "max": 1.0,
            "count": 1563
        }
    },
    "metadata": {
        "timer_format_version": "0.1.0",
        "start_time_seconds": "1647815617",
        "python_version": "3.9.0 (tags/v3.9.0:9cf6752, Oct  5 2020, 15:34:40) [MSC v.1927 64 bit (AMD64)]",
        "command_line_arguments": "C:\\Python39\\Scripts\\mlagents-learn Config\\MoveToGoal.yaml --run-id=AvoidTest --force",
        "mlagents_version": "0.25.0",
        "mlagents_envs_version": "0.25.0",
        "communication_protocol_version": "1.5.0",
        "pytorch_version": "1.7.1+cu110",
        "numpy_version": "1.19.5",
        "end_time_seconds": "1647863132"
    },
    "total": 47515.9564614,
    "count": 1,
    "self": 0.009751799996593036,
    "children": {
        "run_training.setup": {
            "total": 0.10936719999999989,
            "count": 1,
            "self": 0.10936719999999989
        },
        "TrainerController.start_learning": {
            "total": 47515.8373424,
            "count": 1,
            "self": 25.89753869976994,
            "children": {
                "TrainerController._reset_env": {
                    "total": 11.5356279,
                    "count": 1,
                    "self": 11.5356279
                },
                "TrainerController.advance": {
                    "total": 47478.312686700236,
                    "count": 915176,
                    "self": 11.990190503645863,
                    "children": {
                        "env_step": {
                            "total": 47466.32249619659,
                            "count": 915176,
                            "self": 44528.314874499105,
                            "children": {
                                "SubprocessEnvManager._take_step": {
                                    "total": 2924.7802561989597,
                                    "count": 915176,
                                    "self": 60.202271299629956,
                                    "children": {
                                        "TorchPolicy.evaluate": {
                                            "total": 2864.5779848993297,
                                            "count": 868521,
                                            "self": 988.0305487967244,
                                            "children": {
                                                "TorchPolicy.sample_actions": {
                                                    "total": 1876.5474361026054,
                                                    "count": 868521,
                                                    "self": 1876.5474361026054
                                                }
                                            }
                                        }
                                    }
                                },
                                "workers": {
                                    "total": 13.227365498524415,
                                    "count": 915175,
                                    "self": 0.0,
                                    "children": {
                                        "worker_root": {
                                            "total": 47473.44495989836,
                                            "count": 915175,
                                            "is_parallel": true,
                                            "self": 27147.74602249582,