{
    "name": "root",
    "gauges": {
        "AvoidProjectile.Policy.Entropy.mean": {
            "value": 1.0166726112365723,
            "min": 0.7591731548309326,
            "max": 1.3205150365829468,
            "count": 18
        },
        "AvoidProjectile.Policy.Entropy.sum": {
            "value": 10449.361328125,
            "min": 7788.9755859375,
            "max": 13857.484375,
            "count": 18
        },
        "AvoidProjectile.Environment.EpisodeLength.mean": {
            "value": 93.96330275229357,
            "min": 87.009009009009,
            "max": 146.31578947368422,
            "count": 18
        },
        "AvoidProjectile.Environment.EpisodeLength.sum": {
            "value": 10242.0,
            "min": 8889.0,
            "max": 11120.0,
            "count": 18
        },
        "AvoidProjectile.Policy.ExtrinsicValueEstimate.mean": {
            "value": -0.4998753070831299,
            "min": -0.8511338233947754,
            "max": -0.08843021839857101,
            "count": 18
        },
        "AvoidProjectile.Policy.ExtrinsicValueEstimate.sum": {
            "value": -97.4756851196289,
            "min": -161.71542358398438,
            "max": -16.624881744384766,
            "count": 18
        },
        "AvoidProjectile.Environment.CumulativeReward.mean": {
            "value": -0.7874999759145654,
            "min": -0.8009345551656786,
            "max": -0.6343283350787946,
            "count": 18
        },
        "AvoidProjectile.Environment.CumulativeReward.sum": {
            "value": -81.8999974951148,
            "min": -87.49999735504389,
            "max": -42.499998450279236,
            "count": 18
        },
        "AvoidProjectile.Policy.ExtrinsicReward.mean": {
            "value": -0.7874999759145654,
            "min": -0.8009345551656786,
            "max": -0.6343283350787946,
            "count": 18
        },
        "AvoidProjectile.Policy.ExtrinsicReward.sum": {
            "value": -81.8999974951148,
            "min": -87.49999735504389,
            "max": -42.499998450279236,
            "count": 18
        },
        "AvoidProjectile.Losses.PolicyLoss.mean": {
            "value": 0.25775741888542136,
            "min": 0.2168454613211487,
            "max": 0.2643791421855691,
            "count": 18
        },
        "AvoidProjectile.Losses.PolicyLoss.sum": {
            "value": 2.5775741888542134,
            "min": 1.9516091518903385,
            "max": 3.3692373324165144,
            "count": 18
        },
        "AvoidProjectile.Losses.ValueLoss.mean": {
            "value": 0.033310976483467834,
            "min": 0.025244767227906924,
            "max": 0.46132842882376557,
            "count": 18
        },
        "AvoidProjectile.Losses.ValueLoss.sum": {
            "value": 0.33310976483467836,
            "min": 0.2524476722790692,
            "max": 5.997269574708953,
            "count": 18
        },
        "AvoidProjectile.Policy.LearningRate.mean": {
            "value": 0.0029894994783500176,
            "min": 0.0029894994783500176,
            "max": 0.0029997796476996536,
            "count": 18
        },
        "AvoidProjectile.Policy.LearningRate.sum": {
            "value": 0.029894994783500176,
            "min": 0.026916352922788236,
            "max": 0.038997135420095495,
            "count": 18
        },
        "AvoidProjectile.Policy.Epsilon.mean": {
            "value": 0.1996499826,
            "min": 0.1996499826,
            "max": 0.1999926549230769,
            "count": 18
        },
        "AvoidProjectile.Policy.Epsilon.sum": {
            "value": 1.996499826,
            "min": 1.797211764,
            "max": 2.599904514,
            "count": 18
        },
        "AvoidProjectile.Policy.Beta.mean": {
            "value": 0.00049828491474,
            "min": 0.00049828491474,
            "max": 0.0004999640091230771,
            "count": 18
        },
        "AvoidProjectile.Policy.Beta.sum": {
            "value": 0.0049828491473999995,
            "min": 0.0044863376436,
            "max": 0.006499532118600002,
            "count": 18
        },
        "AvoidProjectile.IsTraining.mean": {
            "value": 1.0,
            "min": 1.0,
            "max": 1.0,
            "count": 18
        },
        "AvoidProjectile.IsTraining.sum": {
            "value": 1.0,
            "min": 1.0,
            "max": 1.0,
            "count": 18
        }
    },
    "metadata": {
        "timer_format_version": "0.1.0",
        "start_time_seconds": "1647802943",
        "python_version": "3.9.0 (tags/v3.9.0:9cf6752, Oct  5 2020, 15:34:40) [MSC v.1927 64 bit (AMD64)]",
        "command_line_arguments": "C:\\Python39\\Scripts\\mlagents-learn Config\\MoveToGoal.yaml --run-id=AvoidTest2 --force",
        "mlagents_version": "0.25.0",
        "mlagents_envs_version": "0.25.0",
        "communication_protocol_version": "1.5.0",
        "pytorch_version": "1.7.1+cu110",
        "numpy_version": "1.19.5",
        "end_time_seconds": "1647803603"
    },
    "total": 660.0736856999999,
    "count": 1,
    "self": 0.006929099999979371,
    "children": {
        "run_training.setup": {
            "total": 0.10855080000000017,
            "count": 1,
            "self": 0.10855080000000017
        },
        "TrainerController.start_learning": {
            "total": 659.9582058,
            "count": 1,
            "self": 1.8650683999994726,
            "children": {
                "TrainerController._reset_env": {
                    "total": 14.014806,
                    "count": 1,
                    "self": 14.014806
                },
                "TrainerController.advance": {
                    "total": 643.4734628000004,
                    "count": 31679,
                    "self": 0.4014462000059211,
                    "children": {
                        "env_step": {
                            "total": 643.0720165999945,
                            "count": 31679,
                            "self": 540.1651209999985,
                            "children": {
                                "SubprocessEnvManager._take_step": {
                                    "total": 102.46177949999623,
                                    "count": 31679,
                                    "self": 1.872158799997834,
                                    "children": {
                                        "TorchPolicy.evaluate": {
                                            "total": 100.58962069999839,
                                            "count": 30494,
                                            "self": 32.93589779999952,
                                            "children": {
                                                "TorchPolicy.sample_actions": {
                                                    "total": 67.65372289999887,
                                                    "count": 30494,
                                                    "self": 67.65372289999887
                                                }
                                            }
                                        }
                                    }
                                },
                                "workers": {
                                    "total": 0.44511609999975654,
                                    "count": 31678,
                                    "self": 0.0,
                                    "children": {
                                        "worker_root": {
                                            "total": 646.6995788999988,
                                            "count": 31678,
                                            "is_parallel": true,
                                            "self": 269.84996550000477,