{
    "name": "root",
    "gauges": {
        "AvoidObstacles.Policy.Entropy.mean": {
            "value": 0.07559704035520554,
            "min": 0.004037864506244659,
            "max": 1.1846624612808228,
            "count": 68
        },
        "AvoidObstacles.Policy.Entropy.sum": {
            "value": 1521.6171875,
            "min": 80.69268035888672,
            "max": 24242.931640625,
            "count": 68
        },
        "AvoidObstacles.Environment.EpisodeLength.mean": {
            "value": 291.43939393939394,
            "min": 125.53020134228188,
            "max": 376.3454545454546,
            "count": 68
        },
        "AvoidObstacles.Environment.EpisodeLength.sum": {
            "value": 19235.0,
            "min": 18536.0,
            "max": 21534.0,
            "count": 68
        },
        "AvoidObstacles.Policy.ExtrinsicValueEstimate.mean": {
            "value": 6.27651309967041,
            "min": -21.575464248657227,
            "max": 35.57394027709961,
            "count": 68
        },
        "AvoidObstacles.Policy.ExtrinsicValueEstimate.sum": {
            "value": 2196.779541015625,
            "min": -7659.2900390625,
            "max": 12842.1923828125,
            "count": 68
        },
        "AvoidObstacles.Environment.CumulativeReward.mean": {
            "value": 0.17575759248751582,
            "min": -0.700671117477769,
            "max": 0.6636363769119437,
            "count": 68
        },
        "AvoidObstacles.Environment.CumulativeReward.sum": {
            "value": 11.600001104176044,
            "min": -104.39999650418758,
            "max": 36.5000007301569,
            "count": 68
        },
        "AvoidObstacles.Policy.ExtrinsicReward.mean": {
            "value": 0.17575759248751582,
            "min": -0.700671117477769,
            "max": 0.6636363769119437,
            "count": 68
        },
        "AvoidObstacles.Policy.ExtrinsicReward.sum": {
            "value": 11.600001104176044,
            "min": -104.39999650418758,
            "max": 36.5000007301569,
            "count": 68
        },
        "AvoidObstacles.Losses.PolicyLoss.mean": {
            "value": 0.0446878443502723,
            "min": 0.03864256457605383,
            "max": 0.05191414447076488,
            "count": 68
        },
        "AvoidObstacles.Losses.PolicyLoss.sum": {
            "value": 0.8490690426551737,
            "min": 0.7342087269450227,
            "max": 0.9863687449445327,
            "count": 68
        },
        "AvoidObstacles.Losses.ValueLoss.mean": {
            "value": 805.0864566669129,
            "min": 0.09768058888189364,
            "max": 19084.471684506065,
            "count": 68
        },
        "AvoidObstacles.Losses.ValueLoss.sum": {
            "value": 15296.642676671345,
            "min": 1.855931188755979,
            "max": 362604.96200561523,
            "count": 68
        },
        "AvoidObstacles.Policy.LearningRate.mean": {
            "value": 0.0002918987979635595,
            "min": 0.0002918987979635595,
            "max": 0.0002999391823536059,
            "count": 68
        },
        "AvoidObstacles.Policy.LearningRate.sum": {
            "value": 0.00554607716130763,
            "min": 0.005262841353719563,
            "max": 0.005696579731140089,
            "count": 68
        },
        "AvoidObstacles.Policy.Epsilon.mean": {
            "value": 0.19729959842105263,
            "min": 0.19729959842105263,
            "max": 0.19997972744444448,
            "count": 68
        },
        "AvoidObstacles.Policy.Epsilon.sum": {
            "value": 3.74869237,
            "min": 3.554280436,
            "max": 3.7988599099999996,
            "count": 68
        },
        "AvoidObstacles.Policy.Beta.mean": {
            "value": 0.00048676803226315786,
            "min": 0.00048676803226315786,
            "max": 0.0004999006644777777,
            "count": 68
        },
        "AvoidObstacles.Policy.Beta.sum": {
            "value": 0.009248592613,
            "min": 0.008775974136399998,
            "max": 0.009494413559,
            "count": 68
        },
        "AvoidObstacles.IsTraining.mean": {
            "value": 1.0,
            "min": 1.0,
            "max": 1.0,
            "count": 68
        },
        "AvoidObstacles.IsTraining.sum": {
            "value": 1.0,
            "min": 1.0,
            "max": 1.0,
            "count": 68
        }
    },
    "metadata": {
        "timer_format_version": "0.1.0",
        "start_time_seconds": "1647973230",
        "python_version": "3.9.0 (tags/v3.9.0:9cf6752, Oct  5 2020, 15:34:40) [MSC v.1927 64 bit (AMD64)]",
        "command_line_arguments": "C:\\Python39\\Scripts\\mlagents-learn Config\\AvoidObstacles.yaml --run-id=FindTarget11 --force",
        "mlagents_version": "0.25.0",
        "mlagents_envs_version": "0.25.0",
        "communication_protocol_version": "1.5.0",
        "pytorch_version": "1.7.1+cu110",
        "numpy_version": "1.19.5",
        "end_time_seconds": "1647975937"
    },
    "total": 2707.1339804000004,
    "count": 1,
    "self": 0.007616600000346807,
    "children": {
        "run_training.setup": {
            "total": 0.1311564999999999,
            "count": 1,
            "self": 0.1311564999999999
        },
        "TrainerController.start_learning": {
            "total": 2706.9952073,
            "count": 1,
            "self": 2.652025299978959,
            "children": {
                "TrainerController._reset_env": {
                    "total": 14.1009083,
                    "count": 1,
                    "self": 14.1009083
                },
                "TrainerController.advance": {
                    "total": 2690.178579000021,
                    "count": 91089,
                    "self": 1.2160018000395212,
                    "children": {
                        "env_step": {
                            "total": 2688.9625771999813,
                            "count": 91089,
                            "self": 2388.8917183999474,
                            "children": {
                                "SubprocessEnvManager._take_step": {
                                    "total": 298.7054350000197,
                                    "count": 91089,
                                    "self": 5.898429100034207,
                                    "children": {
                                        "TorchPolicy.evaluate": {
                                            "total": 292.8070058999855,
                                            "count": 86224,
                                            "self": 113.30950449993193,
                                            "children": {
                                                "TorchPolicy.sample_actions": {
                                                    "total": 179.49750140005355,
                                                    "count": 86224,
                                                    "self": 179.49750140005355
                                                }
                                            }
                                        }
                                    }
                                },
                                "workers": {
                                    "total": 1.3654238000139607,
                                    "count": 91088,
                                    "self": 0.0,
                                    "children": {
                                        "worker_root": {
                                            "total": 2694.1089976999615,
                                            "count": 91088,
                                            "is_parallel": true,
                                            "self": 690.760479399961,