{
    "name": "root",
    "metadata": {
        "timer_format_version": "0.1.0",
        "start_time_seconds": "1647372255",
        "python_version": "3.9.0 (tags/v3.9.0:9cf6752, Oct  5 2020, 15:34:40) [MSC v.1927 64 bit (AMD64)]",
        "command_line_arguments": "C:\\Python39\\Scripts\\mlagents-learn --run-id=test2",
        "mlagents_version": "0.25.0",
        "mlagents_envs_version": "0.25.0",
        "communication_protocol_version": "1.5.0",
        "pytorch_version": "1.7.1+cu110",
        "numpy_version": "1.19.5",
        "end_time_seconds": "1647372294"
    },
    "total": 38.2426247,
    "count": 1,
    "self": 0.004208800000000679,
    "children": {
        "run_training.setup": {
            "total": 0.055489699999999864,
            "count": 1,
            "self": 0.055489699999999864
        },
        "TrainerController.start_learning": {
            "total": 38.1829262,
            "count": 1,
            "self": 0.06006889999993348,
            "children": {
                "TrainerController._reset_env": {
                    "total": 14.236070100000001,
                    "count": 1,
                    "self": 14.236070100000001
                },
                "TrainerController.advance": {
                    "total": 23.152088700000064,
                    "count": 2011,
                    "self": 0.026664200000162452,
                    "children": {
                        "env_step": {
                            "total": 23.1254244999999,
                            "count": 2011,
                            "self": 17.536959000000145,
                            "children": {
                                "SubprocessEnvManager._take_step": {
                                    "total": 5.561314099999844,
                                    "count": 2011,
                                    "self": 0.12425859999979849,
                                    "children": {
                                        "TorchPolicy.evaluate": {
                                            "total": 5.437055500000046,
                                            "count": 2011,
                                            "self": 2.0244139999998225,
                                            "children": {
                                                "TorchPolicy.sample_actions": {
                                                    "total": 3.4126415000002233,
                                                    "count": 2011,
                                                    "self": 3.4126415000002233
                                                }
                                            }
                                        }
                                    }
                                },
                                "workers": {
                                    "total": 0.02715139999991223,
                                    "count": 2010,
                                    "self": 0.0,
                                    "children": {
                                        "worker_root": {
                                            "total": 28.241523200000042,
                                            "count": 2010,
                                            "is_parallel": true,
                                            "self": 12.9687751,
                                            "children": {
                                                "steps_from_proto": {
                                                    "total": 0.0003378000000004988,
                                                    "count": 1,
                                                    "is_parallel": true,
                                                    "self": 0.00019610000000191974,
                                                    "children": {
                                                        "_process_rank_one_or_two_observation": {
                                                            "total": 0.00014169999999857907,
                                                            "count": 2,
                                                            "is_parallel": true,
                                                            "self": 0.00014169999999857907
                                                        }
                                                    }
                                                },
                                                "UnityEnvironment.step": {
                                                    "total": 15.272410300000042,
                                                    "count": 2010,
                                                    "is_parallel": true,
                                                    "self": 0.14300480000005322,
                                                    "children": {
                                                        "UnityEnvironment._generate_step_input": {
                                                            "total": 0.37324639999989095,
                                                            "count": 2010,
                                                            "is_parallel": true,
                                                            "self": 0.37324639999989095
                                                        },
                                                        "communicator.exchange": {
                                                            "total": 14.173718200000142,
                                                            "count": 2010,
                                                            "is_parallel": true,
                                                            "self": 14.173718200000142
                                                        },
                                                        "steps_from_proto": {
                                                            "total": 0.5824408999999555,
                                                            "count": 2010,
                                                            "is_parallel": true,
                                                            "self": 0.35066439999998167,
                                                            "children": {
                                                                "_process_rank_one_or_two_observation": {
                                                                    "total": 0.23177649999997385,
                                                                    "count": 4020,
                                                                    "is_parallel": true,
                                                                    "self": 0.23177649999997385
                                                                }
                                                            }
                                                        }
                                                    }
                                                }
                                            }
                                        }
                                    }
                                }
                            }
                        }
                    }
                },
                "trainer_threads": {
                    "total": 3.829999999993561e-05,
                    "count": 1,
                    "self": 3.829999999993561e-05,
                    "children": {
                        "thread_root": {
                            "total": 0.0,
                            "count": 0,
                            "is_parallel": true,
                            "self": 0.0,
                            "children": {
                                "trainer_advance": {
                                    "total": 23.1786952,
                                    "count": 1489,