{
    "name": "root",
    "gauges": {
        "AvoidObstacles.Policy.Entropy.mean": {
            "value": 0.36047330498695374,
            "min": 0.0894586369395256,
            "max": 1.3005491495132446,
            "count": 29
        },
        "AvoidObstacles.Policy.Entropy.sum": {
            "value": 7226.76904296875,
            "min": 1786.5784912109375,
            "max": 26337.421875,
            "count": 29
        },
        "AvoidObstacles.Policy.ExtrinsicValueEstimate.mean": {
            "value": -0.0670713409781456,
            "min": -0.1717919558286667,
            "max": 2.1484880447387695,
            "count": 29
        },
        "AvoidObstacles.Policy.ExtrinsicValueEstimate.sum": {
            "value": -21.5299015045166,
            "min": -55.31700897216797,
            "max": 693.961669921875,
            "count": 29
        },
        "AvoidObstacles.Environment.EpisodeLength.mean": {
            "value": 1350.2666666666667,
            "min": 566.0,
            "max": 1763.5,
            "count": 29
        },
        "AvoidObstacles.Environment.EpisodeLength.sum": {
            "value": 20254.0,
            "min": 15181.0,
            "max": 24479.0,
            "count": 29
        },
        "AvoidObstacles.Environment.CumulativeReward.mean": {
            "value": -0.34696665935528775,
            "min": -0.8355517319327317,
            "max": -0.1507857128703368,
            "count": 29
        },
        "AvoidObstacles.Environment.CumulativeReward.sum": {
            "value": -5.204499890329316,
            "min": -24.23100022604922,
            "max": -2.1075000247801654,
            "count": 29
        },
        "AvoidObstacles.Policy.ExtrinsicReward.mean": {
            "value": -0.34696665935528775,
            "min": -0.8355517319327317,
            "max": -0.1507857128703368,
            "count": 29
        },
        "AvoidObstacles.Policy.ExtrinsicReward.sum": {
            "value": -5.204499890329316,
            "min": -24.23100022604922,
            "max": -2.1075000247801654,
            "count": 29
        },
        "AvoidObstacles.Losses.PolicyLoss.mean": {
            "value": 0.04601354512647447,
            "min": 0.03894078813436065,
            "max": 0.05051590457851826,
            "count": 29
        },
        "AvoidObstacles.Losses.PolicyLoss.sum": {
            "value": 0.874257357403015,
            "min": 0.7398749745528523,
            "max": 0.9092862824133287,
            "count": 29
        },
        "AvoidObstacles.Losses.ValueLoss.mean": {
            "value": 0.009647894672653229,
            "min": 0.004897392074621677,
            "max": 0.6889546036306355,
            "count": 29
        },
        "AvoidObstacles.Losses.ValueLoss.sum": {
            "value": 0.18330999878041135,
            "min": 0.09305044941781186,
            "max": 12.401182865351439,
            "count": 29
        },
        "AvoidObstacles.Policy.LearningRate.mean": {
            "value": 0.00029657824661426897,
            "min": 0.00029657824661426897,
            "max": 0.0002999358103547299,
            "count": 29
        },
        "AvoidObstacles.Policy.LearningRate.sum": {
            "value": 0.005634986685671111,
            "min": 0.005342754391081875,
            "max": 0.005694298969900343,
            "count": 29
        },
        "AvoidObstacles.Policy.Epsilon.mean": {
            "value": 0.19885941515789476,
            "min": 0.19885941515789476,
            "max": 0.19997860344444446,
            "count": 29
        },
        "AvoidObstacles.Policy.Epsilon.sum": {
            "value": 3.7783288880000003,
            "min": 3.580918124,
            "max": 3.798099656,
            "count": 29
        },
        "AvoidObstacles.Policy.Beta.mean": {
            "value": 0.0004944111342736841,
            "min": 0.0004944111342736841,
            "max": 0.0004998951568777778,
            "count": 29
        },
        "AvoidObstacles.Policy.Beta.sum": {
            "value": 0.009393811551199999,
            "min": 0.0089064988076,
            "max": 0.009490688314399998,
            "count": 29
        },
        "AvoidObstacles.IsTraining.mean": {
            "value": 1.0,
            "min": 1.0,
            "max": 1.0,
            "count": 29
        },
        "AvoidObstacles.IsTraining.sum": {
            "value": 1.0,
            "min": 1.0,
            "max": 1.0,
            "count": 29
        }
    },
    "metadata": {
        "timer_format_version": "0.1.0",
        "start_time_seconds": "1647988320",
        "python_version": "3.9.0 (tags/v3.9.0:9cf6752, Oct  5 2020, 15:34:40) [MSC v.1927 64 bit (AMD64)]",
        "command_line_arguments": "C:\\Python39\\Scripts\\mlagents-learn Config\\AvoidObstacles.yaml --run-id=FindTarget13 --force",
        "mlagents_version": "0.25.0",
        "mlagents_envs_version": "0.25.0",
        "communication_protocol_version": "1.5.0",
        "pytorch_version": "1.7.1+cu110",
        "numpy_version": "1.19.5",
        "end_time_seconds": "1647989727"
    },
    "total": 1406.3530865,
    "count": 1,
    "self": 0.006971499999963271,
    "children": {
        "run_training.setup": {
            "total": 0.10843029999999998,
            "count": 1,
            "self": 0.10843029999999998
        },
        "TrainerController.start_learning": {
            "total": 1406.2376847,
            "count": 1,
            "self": 2.2101966000311677,
            "children": {
                "TrainerController._reset_env": {
                    "total": 13.177173,
                    "count": 1,
                    "self": 13.177173
                },
                "TrainerController.advance": {
                    "total": 1390.781232899969,
                    "count": 83184,
                    "self": 1.0559387000084826,
                    "children": {
                        "env_step": {
                            "total": 1389.7252941999604,
                            "count": 83184,
                            "self": 1144.596021400014,
                            "children": {
                                "SubprocessEnvManager._take_step": {
                                    "total": 243.97117319996113,
                                    "count": 83184,
                                    "self": 4.8300207999732265,
                                    "children": {
                                        "TorchPolicy.evaluate": {
                                            "total": 239.1411523999879,
                                            "count": 83184,
                                            "self": 89.2187341999603,
                                            "children": {
                                                "TorchPolicy.sample_actions": {
                                                    "total": 149.9224182000276,
                                                    "count": 83184,
                                                    "self": 149.9224182000276
                                                }
                                            }
                                        }
                                    }
                                },
                                "workers": {
                                    "total": 1.158099599985304,
                                    "count": 83183,
                                    "self": 0.0,
                                    "children": {
                                        "worker_root": {
                                            "total": 1393.6757612999886,
                                            "count": 83183,
                                            "is_parallel": true,
                                            "self": 472.5279496999808,