{
    "name": "root",
    "metadata": {
        "timer_format_version": "0.1.0",
        "start_time_seconds": "1648052434",
        "python_version": "3.9.0 (tags/v3.9.0:9cf6752, Oct  5 2020, 15:34:40) [MSC v.1927 64 bit (AMD64)]",
        "command_line_arguments": "C:\\Python39\\Scripts\\mlagents-learn Config\\AvoidObstacles.yaml --run-id=FindTargetShoot3 --force",
        "mlagents_version": "0.25.0",
        "mlagents_envs_version": "0.25.0",
        "communication_protocol_version": "1.5.0",
        "pytorch_version": "1.7.1+cu110",
        "numpy_version": "1.19.5",
        "end_time_seconds": "1648052522"
    },
    "total": 88.2497988,
    "count": 1,
    "self": 0.006388200000003508,
    "children": {
        "run_training.setup": {
            "total": 0.1334363999999999,
            "count": 1,
            "self": 0.1334363999999999
        },
        "TrainerController.start_learning": {
            "total": 88.1099742,
            "count": 1,
            "self": 0.1044559000000902,
            "children": {
                "TrainerController._reset_env": {
                    "total": 34.3034618,
                    "count": 1,
                    "self": 34.3034618
                },
                "TrainerController.advance": {
                    "total": 53.0609932999999,
                    "count": 2917,
                    "self": 0.039982800000395,
                    "children": {
                        "env_step": {
                            "total": 53.021010499999505,
                            "count": 2917,
                            "self": 39.260998199999996,
                            "children": {
                                "SubprocessEnvManager._take_step": {
                                    "total": 13.717206799999609,
                                    "count": 2917,
                                    "self": 0.20763829999961558,
                                    "children": {
                                        "TorchPolicy.evaluate": {
                                            "total": 13.509568499999993,
                                            "count": 2917,
                                            "self": 4.265621700000281,
                                            "children": {
                                                "TorchPolicy.sample_actions": {
                                                    "total": 9.243946799999712,
                                                    "count": 2917,
                                                    "self": 9.243946799999712
                                                }
                                            }
                                        }
                                    }
                                },
                                "workers": {
                                    "total": 0.042805499999900576,
                                    "count": 2916,
                                    "self": 0.0,
                                    "children": {
                                        "worker_root": {
                                            "total": 58.2960206,
                                            "count": 2916,
                                            "is_parallel": true,
                                            "self": 26.45187579999994,
                                            "children": {
                                                "steps_from_proto": {
                                                    "total": 0.0006444999999999368,
                                                    "count": 1,
                                                    "is_parallel": true,
                                                    "self": 0.00022859999999980118,
                                                    "children": {
                                                        "_process_rank_one_or_two_observation": {
                                                            "total": 0.0004159000000001356,
                                                            "count": 4,
                                                            "is_parallel": true,
                                                            "self": 0.0004159000000001356
                                                        }
                                                    }
                                                },
                                                "UnityEnvironment.step": {
                                                    "total": 31.84350030000006,
                                                    "count": 2916,
                                                    "is_parallel": true,
                                                    "self": 0.2528669000001713,
                                                    "children": {
                                                        "UnityEnvironment._generate_step_input": {
                                                            "total": 1.2919378999999864,
                                                            "count": 2916,
                                                            "is_parallel": true,
                                                            "self": 1.2919378999999864
                                                        },
                                                        "communicator.exchange": {
                                                            "total": 28.66423599999986,
                                                            "count": 2916,
                                                            "is_parallel": true,
                                                            "self": 28.66423599999986
                                                        },
                                                        "steps_from_proto": {
                                                            "total": 1.634459500000041,
                                                            "count": 2916,
                                                            "is_parallel": true,
                                                            "self": 0.6044352000000259,
                                                            "children": {
                                                                "_process_rank_one_or_two_observation": {
                                                                    "total": 1.030024300000015,
                                                                    "count": 11664,
                                                                    "is_parallel": true,
                                                                    "self": 1.030024300000015
                                                                }
                                                            }
                                                        }
                                                    }
                                                }
                                            }
                                        }
                                    }
                                }
                            }
                        }
                    }
                },
                "trainer_threads": {
                    "total": 4.030000000909695e-05,
                    "count": 1,
                    "self": 4.030000000909695e-05,
                    "children": {
                        "thread_root": {
                            "total": 0.0,
                            "count": 0,
                            "is_parallel": true,
                            "self": 0.0,
                            "children": {
                                "trainer_advance": {
                                    "total": 53.09666329999991,