{
    "name": "root",
    "gauges": {
        "AvoidObstacles.Policy.Entropy.mean": {
            "value": 1.317383885383606,
            "min": 1.317383885383606,
            "max": 1.5636565685272217,
            "count": 10
        },
        "AvoidObstacles.Policy.Entropy.sum": {
            "value": 65767.7578125,
            "min": 65767.7578125,
            "max": 78583.125,
            "count": 10
        },
        "AvoidObstacles.Environment.EpisodeLength.mean": {
            "value": 926.3703703703703,
            "min": 104.3496801705757,
            "max": 926.3703703703703,
            "count": 10
        },
        "AvoidObstacles.Environment.EpisodeLength.sum": {
            "value": 50024.0,
            "min": 44982.0,
            "max": 53286.0,
            "count": 10
        },
        "AvoidObstacles.Policy.ExtrinsicValueEstimate.mean": {
            "value": -0.08367829769849777,
            "min": -0.4057854115962982,
            "max": -0.08367829769849777,
            "count": 10
        },
        "AvoidObstacles.Policy.ExtrinsicValueEstimate.sum": {
            "value": -67.86309814453125,
            "min": -360.3374328613281,
            "max": -67.86309814453125,
            "count": 10
        },
        "AvoidObstacles.Environment.CumulativeReward.mean": {
            "value": -1.2039444367918704,
            "min": -1.2039444367918704,
            "max": -1.0434110475354046,
            "count": 10
        },
        "AvoidObstacles.Environment.CumulativeReward.sum": {
            "value": -65.012999586761,
            "min": -493.4714851677418,
            "max": -65.012999586761,
            "count": 10
        },
        "AvoidObstacles.Policy.ExtrinsicReward.mean": {
            "value": -1.2039444367918704,
            "min": -1.2039444367918704,
            "max": -1.0434110475354046,
            "count": 10
        },
        "AvoidObstacles.Policy.ExtrinsicReward.sum": {
            "value": -65.012999586761,
            "min": -493.4714851677418,
            "max": -65.012999586761,
            "count": 10
        },
        "AvoidObstacles.Losses.PolicyLoss.mean": {
            "value": 0.023912183553911746,
            "min": 0.02085895494480307,
            "max": 0.02533829095928619,
            "count": 10
        },
        "AvoidObstacles.Losses.PolicyLoss.sum": {
            "value": 0.11956091776955872,
            "min": 0.08343581977921229,
            "max": 0.12669145479643096,
            "count": 10
        },
        "AvoidObstacles.Losses.ValueLoss.mean": {
            "value": 0.033756091694037114,
            "min": 0.029740535554786524,
            "max": 0.6508972751597564,
            "count": 10
        },
        "AvoidObstacles.Losses.ValueLoss.sum": {
            "value": 0.16878045847018558,
            "min": 0.1426560710494717,
            "max": 2.6035891006390255,
            "count": 10
        },
        "AvoidObstacles.Policy.LearningRate.mean": {
            "value": 1.6416934527719993e-05,
            "min": 1.6416934527719993e-05,
            "max": 0.00028458045513984995,
            "count": 10
        },
        "AvoidObstacles.Policy.LearningRate.sum": {
            "value": 8.208467263859997e-05,
            "min": 8.208467263859997e-05,
            "max": 0.0012841608719464,
            "count": 10
        },
        "AvoidObstacles.Policy.Epsilon.mean": {
            "value": 0.10547227999999997,
            "min": 0.10547227999999997,
            "max": 0.19486015,
            "count": 10
        },
        "AvoidObstacles.Policy.Epsilon.sum": {
            "value": 0.5273613999999999,
            "min": 0.49990900000000005,
            "max": 0.9280536,
            "count": 10
        },
        "AvoidObstacles.Policy.Beta.mean": {
            "value": 0.000283066772,
            "min": 0.000283066772,
            "max": 0.004743521485000001,
            "count": 10
        },
        "AvoidObstacles.Policy.Beta.sum": {
            "value": 0.00141533386,
            "min": 0.00141533386,
            "max": 0.02140987464,
            "count": 10
        },
        "AvoidObstacles.IsTraining.mean": {
            "value": 1.0,
            "min": 1.0,
            "max": 1.0,
            "count": 10
        },
        "AvoidObstacles.IsTraining.sum": {
            "value": 1.0,
            "min": 1.0,
            "max": 1.0,
            "count": 10
        }
    },
    "metadata": {
        "timer_format_version": "0.1.0",
        "start_time_seconds": "1648569208",
        "python_version": "3.9.0 (tags/v3.9.0:9cf6752, Oct  5 2020, 15:34:40) [MSC v.1927 64 bit (AMD64)]",
        "command_line_arguments": "C:\\Python39\\Scripts\\mlagents-learn --run-id=AvoidObstacle",
        "mlagents_version": "0.25.0",
        "mlagents_envs_version": "0.25.0",
        "communication_protocol_version": "1.5.0",
        "pytorch_version": "1.7.1+cu110",
        "numpy_version": "1.19.5",
        "end_time_seconds": "1648570485"
    },
    "total": 1277.0278557000001,
    "count": 1,
    "self": 0.006059600000298815,
    "children": {
        "run_training.setup": {
            "total": 0.07037290000000063,
            "count": 1,
            "self": 0.07037290000000063
        },
        "TrainerController.start_learning": {
            "total": 1276.9514232,
            "count": 1,
            "self": 1.6025179000091612,
            "children": {
                "TrainerController._reset_env": {
                    "total": 14.4868237,
                    "count": 1,
                    "self": 14.4868237
                },
                "TrainerController.advance": {
                    "total": 1260.7933140999908,
                    "count": 55596,
                    "self": 0.8045326999974804,
                    "children": {
                        "env_step": {
                            "total": 1259.9887813999933,
                            "count": 55596,
                            "self": 944.6351941000361,
                            "children": {
                                "SubprocessEnvManager._take_step": {
                                    "total": 314.4670656999887,
                                    "count": 55596,
                                    "self": 4.285031500001935,
                                    "children": {
                                        "TorchPolicy.evaluate": {
                                            "total": 310.1820341999868,
                                            "count": 55596,
                                            "self": 118.44206259999592,
                                            "children": {
                                                "TorchPolicy.sample_actions": {
                                                    "total": 191.73997159999087,
                                                    "count": 55596,
                                                    "self": 191.73997159999087
                                                }
                                            }
                                        }
                                    }
                                },
                                "workers": {
                                    "total": 0.8865215999685034,
                                    "count": 55596,
                                    "self": 0.0,
                                    "children": {
                                        "worker_root": {
                                            "total": 1265.6288075000155,
                                            "count": 55596,
                                            "is_parallel": true,
                                            "self": 433.8194231000151,
                                            "children": {
                                                "steps_from_proto": {
                                                    "total": 0.0018318000000014933,