{
    "name": "root",
    "gauges": {
        "AvoidObstacles.Policy.Entropy.mean": {
            "value": 1.583046317100525,
            "min": 1.583046317100525,
            "max": 1.583046317100525,
            "count": 1
        },
        "AvoidObstacles.Policy.Entropy.sum": {
            "value": 15991.93359375,
            "min": 15991.93359375,
            "max": 15991.93359375,
            "count": 1
        },
        "AvoidObstacles.Environment.LessonNumber.bullet_speed.mean": {
            "value": 0.0,
            "min": 0.0,
            "max": 0.0,
            "count": 1
        },
        "AvoidObstacles.Environment.LessonNumber.bullet_speed.sum": {
            "value": 0.0,
            "min": 0.0,
            "max": 0.0,
            "count": 1
        },
        "AvoidObstacles.Policy.ExtrinsicValueEstimate.mean": {
            "value": -0.6842635869979858,
            "min": -0.6842635869979858,
            "max": -0.6842635869979858,
            "count": 1
        },
        "AvoidObstacles.Policy.ExtrinsicValueEstimate.sum": {
            "value": -56.109615325927734,
            "min": -56.109615325927734,
            "max": -56.109615325927734,
            "count": 1
        },
        "AvoidObstacles.Environment.EpisodeLength.mean": {
            "value": 1117.75,
            "min": 1117.75,
            "max": 1117.75,
            "count": 1
        },
        "AvoidObstacles.Environment.EpisodeLength.sum": {
            "value": 8942.0,
            "min": 8942.0,
            "max": 8942.0,
            "count": 1
        },
        "AvoidObstacles.Environment.CumulativeReward.mean": {
            "value": -1.3090000106021762,
            "min": -1.3090000106021762,
            "max": -1.3090000106021762,
            "count": 1
        },
        "AvoidObstacles.Environment.CumulativeReward.sum": {
            "value": -10.47200008481741,
            "min": -10.47200008481741,
            "max": -10.47200008481741,
            "count": 1
        },
        "AvoidObstacles.Policy.ExtrinsicReward.mean": {
            "value": -1.3090000106021762,
            "min": -1.3090000106021762,
            "max": -1.3090000106021762,
            "count": 1
        },
        "AvoidObstacles.Policy.ExtrinsicReward.sum": {
            "value": -10.47200008481741,
            "min": -10.47200008481741,
            "max": -10.47200008481741,
            "count": 1
        },
        "AvoidObstacles.Losses.PolicyLoss.mean": {
            "value": 0.04725754001628957,
            "min": 0.04725754001628957,
            "max": 0.04725754001628957,
            "count": 1
        },
        "AvoidObstacles.Losses.PolicyLoss.sum": {
            "value": 0.18903016006515827,
            "min": 0.18903016006515827,
            "max": 0.18903016006515827,
            "count": 1
        },
        "AvoidObstacles.Losses.ValueLoss.mean": {
            "value": 0.06097457777286763,
            "min": 0.06097457777286763,
            "max": 0.06097457777286763,
            "count": 1
        },
        "AvoidObstacles.Losses.ValueLoss.sum": {
            "value": 0.24389831109147053,
            "min": 0.24389831109147053,
            "max": 0.24389831109147053,
            "count": 1
        },
        "AvoidObstacles.Policy.LearningRate.mean": {
            "value": 9.99894055105945e-05,
            "min": 9.99894055105945e-05,
            "max": 9.99894055105945e-05,
            "count": 1
        },
        "AvoidObstacles.Policy.LearningRate.sum": {
            "value": 0.000399957622042378,
            "min": 0.000399957622042378,
            "max": 0.000399957622042378,
            "count": 1
        },
        "AvoidObstacles.Policy.Epsilon.mean": {
            "value": 0.19998940550000002,
            "min": 0.19998940550000002,
            "max": 0.19998940550000002,
            "count": 1
        },
        "AvoidObstacles.Policy.Epsilon.sum": {
            "value": 0.7999576220000001,
            "min": 0.7999576220000001,
            "max": 0.7999576220000001,
            "count": 1
        },
        "AvoidObstacles.Policy.Beta.mean": {
            "value": 9.999046494999999e-05,
            "min": 9.999046494999999e-05,
            "max": 9.999046494999999e-05,
            "count": 1
        },
        "AvoidObstacles.Policy.Beta.sum": {
            "value": 0.00039996185979999997,
            "min": 0.00039996185979999997,
            "max": 0.00039996185979999997,
            "count": 1
        },
        "AvoidObstacles.IsTraining.mean": {
            "value": 1.0,
            "min": 1.0,
            "max": 1.0,
            "count": 1
        },
        "AvoidObstacles.IsTraining.sum": {
            "value": 1.0,
            "min": 1.0,
            "max": 1.0,
            "count": 1
        }
    },
    "metadata": {
        "timer_format_version": "0.1.0",
        "start_time_seconds": "1648217500",
        "python_version": "3.9.0 (tags/v3.9.0:9cf6752, Oct  5 2020, 15:34:40) [MSC v.1927 64 bit (AMD64)]",
        "command_line_arguments": "C:\\Python39\\Scripts\\mlagents-learn Config/AvoidObstacles.yaml --run-id=curriculumTest --force",
        "mlagents_version": "0.25.0",
        "mlagents_envs_version": "0.25.0",
        "communication_protocol_version": "1.5.0",
        "pytorch_version": "1.7.1+cu110",
        "numpy_version": "1.19.5",
        "end_time_seconds": "1648217622"
    },
    "total": 121.805558,
    "count": 1,
    "self": 0.013038300000005165,
    "children": {
        "run_training.setup": {
            "total": 0.11406260000000001,
            "count": 1,
            "self": 0.11406260000000001
        },
        "TrainerController.start_learning": {
            "total": 121.6784571,
            "count": 1,
            "self": 0.45282739999916544,
            "children": {
                "TrainerController._reset_env": {
                    "total": 10.9280691,
                    "count": 1,
                    "self": 10.9280691
                },
                "TrainerController.advance": {
                    "total": 109.68422910000085,
                    "count": 13484,
                    "self": 0.35375790000074403,
                    "children": {
                        "env_step": {
                            "total": 109.3304712000001,
                            "count": 13484,
                            "self": 73.59124159999828,
                            "children": {
                                "SubprocessEnvManager._take_step": {
                                    "total": 35.56635300000077,
                                    "count": 13484,
                                    "self": 0.7373981000012151,
                                    "children": {
                                        "TorchPolicy.evaluate": {
                                            "total": 34.82895489999955,
                                            "count": 13484,
                                            "self": 13.74381209999958,
                                            "children": {
                                                "TorchPolicy.sample_actions": {
                                                    "total": 21.08514279999997,
                                                    "count": 13484,
                                                    "self": 21.08514279999997
                                                }
                                            }
                                        }
                                    }
                                },
                                "workers": {
                                    "total": 0.1728766000010573,
                                    "count": 13483,
                                    "self": 0.0,
                                    "children": {
                                        "worker_root": {
                                            "total": 113.04529199999993,