{
    "name": "root",
    "gauges": {
        "AvoidObstacles.Policy.Entropy.mean": {
            "value": 0.13378725945949554,
            "min": 0.09687656164169312,
            "max": 1.5829694271087646,
            "count": 1308
        },
        "AvoidObstacles.Policy.Entropy.sum": {
            "value": 1343.75927734375,
            "min": 967.7968139648438,
            "max": 16670.22265625,
            "count": 1308
        },
        "AvoidObstacles.Environment.EpisodeLength.mean": {
            "value": 31.36569579288026,
            "min": 28.72289156626506,
            "max": 1999.0,
            "count": 1308
        },
        "AvoidObstacles.Environment.EpisodeLength.sum": {
            "value": 9692.0,
            "min": 3998.0,
            "max": 14253.0,
            "count": 1308
        },
        "AvoidObstacles.Policy.ExtrinsicValueEstimate.mean": {
            "value": 0.8591750860214233,
            "min": -0.27406570315361023,
            "max": 3.198561191558838,
            "count": 1308
        },
        "AvoidObstacles.Policy.ExtrinsicValueEstimate.sum": {
            "value": 265.485107421875,
            "min": -22.199321746826172,
            "max": 291.9664306640625,
            "count": 1308
        },
        "AvoidObstacles.Environment.CumulativeReward.mean": {
            "value": 0.9968074110719378,
            "min": -1.1683846174810941,
            "max": 1.0047543525695801,
            "count": 1308
        },
        "AvoidObstacles.Environment.CumulativeReward.sum": {
            "value": 308.0134900212288,
            "min": -22.691999532282352,
            "max": 336.23449099063873,
            "count": 1308
        },
        "AvoidObstacles.Policy.ExtrinsicReward.mean": {
            "value": 0.9968074110719378,
            "min": -1.1683846174810941,
            "max": 1.0047543525695801,
            "count": 1308
        },
        "AvoidObstacles.Policy.ExtrinsicReward.sum": {
            "value": 308.0134900212288,
            "min": -22.691999532282352,
            "max": 336.23449099063873,
            "count": 1308
        },
        "AvoidObstacles.Losses.PolicyLoss.mean": {
            "value": 0.04368078702245839,
            "min": 0.03573551421141019,
            "max": 0.06193690615691594,
            "count": 1308
        },
        "AvoidObstacles.Losses.PolicyLoss.sum": {
            "value": 0.21840393511229195,
            "min": 0.14294205684564076,
            "max": 0.29521003167610615,
            "count": 1308
        },
        "AvoidObstacles.Losses.ValueLoss.mean": {
            "value": 0.001559068397469332,
            "min": 8.733271167216117e-06,
            "max": 0.6962077881034929,
            "count": 1308
        },
        "AvoidObstacles.Losses.ValueLoss.sum": {
            "value": 0.00779534198734666,
            "min": 4.3666355836080584e-05,
            "max": 2.7848311524139717,
            "count": 1308
        },
        "AvoidObstacles.Policy.LearningRate.mean": {
            "value": 7.384919095083521e-05,
            "min": 7.384919095083521e-05,
            "max": 9.9989519010481e-05,
            "count": 1308
        },
        "AvoidObstacles.Policy.LearningRate.sum": {
            "value": 0.00036924595475417603,
            "min": 0.000295719582280522,
            "max": 0.000499852578147422,
            "count": 1308
        },
        "AvoidObstacles.Policy.Epsilon.mean": {
            "value": 0.1738491648,
            "min": 0.1738491648,
            "max": 0.199989519,
            "count": 1308
        },
        "AvoidObstacles.Policy.Epsilon.sum": {
            "value": 0.8692458240000001,
            "min": 0.6957194780000001,
            "max": 0.999852578,
            "count": 1308
        },
        "AvoidObstacles.Policy.Beta.mean": {
            "value": 7.646424832e-05,
            "min": 7.646424832e-05,
            "max": 9.999056710000001e-05,
            "count": 1308
        },
        "AvoidObstacles.Policy.Beta.sum": {
            "value": 0.0003823212416,
            "min": 0.0003061475302,
            "max": 0.0004998673202,
            "count": 1308
        },
        "AvoidObstacles.IsTraining.mean": {
            "value": 1.0,
            "min": 1.0,
            "max": 1.0,
            "count": 1308
        },
        "AvoidObstacles.IsTraining.sum": {
            "value": 1.0,
            "min": 1.0,
            "max": 1.0,
            "count": 1308
        }
    },
    "metadata": {
        "timer_format_version": "0.1.0",
        "start_time_seconds": "1648076288",
        "python_version": "3.9.0 (tags/v3.9.0:9cf6752, Oct  5 2020, 15:34:40) [MSC v.1927 64 bit (AMD64)]",
        "command_line_arguments": "C:\\Python39\\Scripts\\mlagents-learn Config\\AvoidObstacles.yaml --run-id=FindTargetShoot7 --force",
        "mlagents_version": "0.25.0",
        "mlagents_envs_version": "0.25.0",
        "communication_protocol_version": "1.5.0",
        "pytorch_version": "1.7.1+cu110",
        "numpy_version": "1.19.5",
        "end_time_seconds": "1648113255"
    },
    "total": 36968.0675704,
    "count": 1,
    "self": 0.007071400003042072,
    "children": {
        "run_training.setup": {
            "total": 0.11458849999999998,
            "count": 1,
            "self": 0.11458849999999998
        },
        "TrainerController.start_learning": {
            "total": 36967.9459105,
            "count": 1,
            "self": 54.00822939635691,
            "children": {
                "TrainerController._reset_env": {
                    "total": 31.801300899999998,
                    "count": 1,
                    "self": 31.801300899999998
                },
                "TrainerController.advance": {
                    "total": 36882.04998460363,
                    "count": 2180934,
                    "self": 26.92190770281013,
                    "children": {
                        "env_step": {
                            "total": 36855.12807690082,
                            "count": 2180934,
                            "self": 30561.373232900347,
                            "children": {
                                "SubprocessEnvManager._take_step": {
                                    "total": 6264.494193499704,
                                    "count": 2180934,
                                    "self": 115.23471030096516,
                                    "children": {
                                        "TorchPolicy.evaluate": {
                                            "total": 6149.259483198739,
                                            "count": 2180934,
                                            "self": 2443.153451095056,
                                            "children": {
                                                "TorchPolicy.sample_actions": {
                                                    "total": 3706.106032103683,
                                                    "count": 2180934,
                                                    "self": 3706.106032103683
                                                }
                                            }
                                        }
                                    }
                                },
                                "workers": {
                                    "total": 29.260650500769323,
                                    "count": 2180933,
                                    "self": 0.0,
                                    "children": {
                                        "worker_root": {
                                            "total": 36867.3632653008,
                                            "count": 2180933,
                                            "is_parallel": true,
                                            "self": 12311.208241002761,