{
    "name": "root",
    "metadata": {
        "timer_format_version": "0.1.0",
        "start_time_seconds": "1649165414",
        "python_version": "3.9.0 (tags/v3.9.0:9cf6752, Oct  5 2020, 15:34:40) [MSC v.1927 64 bit (AMD64)]",
        "command_line_arguments": "C:\\Python39\\Scripts\\mlagents-learn Config/AvoidProjectilesSimple.yaml --run-id=SimpleAvoid --force",
        "mlagents_version": "0.25.0",
        "mlagents_envs_version": "0.25.0",
        "communication_protocol_version": "1.5.0",
        "pytorch_version": "1.7.1+cu110",
        "numpy_version": "1.19.5",
        "end_time_seconds": "1649165437"
    },
    "total": 22.6577555,
    "count": 1,
    "self": 0.008604899999998139,
    "children": {
        "run_training.setup": {
            "total": 0.10852360000000005,
            "count": 1,
            "self": 0.10852360000000005
        },
        "TrainerController.start_learning": {
            "total": 22.540627,
            "count": 1,
            "self": 0.02870779999999229,
            "children": {
                "TrainerController._reset_env": {
                    "total": 12.1417094,
                    "count": 1,
                    "self": 12.1417094
                },
                "TrainerController.advance": {
                    "total": 9.737223900000005,
                    "count": 639,
                    "self": 0.008714499999966208,
                    "children": {
                        "env_step": {
                            "total": 9.72850940000004,
                            "count": 639,
                            "self": 7.799249800000053,
                            "children": {
                                "SubprocessEnvManager._take_step": {
                                    "total": 1.9209900999999618,
                                    "count": 639,
                                    "self": 0.03807779999990579,
                                    "children": {
                                        "TorchPolicy.evaluate": {
                                            "total": 1.882912300000056,
                                            "count": 624,
                                            "self": 0.6168873000000303,
                                            "children": {
                                                "TorchPolicy.sample_actions": {
                                                    "total": 1.2660250000000257,
                                                    "count": 624,
                                                    "self": 1.2660250000000257
                                                }
                                            }
                                        }
                                    }
                                },
                                "workers": {
                                    "total": 0.00826950000002391,
                                    "count": 638,
                                    "self": 0.0,
                                    "children": {
                                        "worker_root": {
                                            "total": 13.285457299999974,
                                            "count": 638,
                                            "is_parallel": true,
                                            "self": 6.334964500000007,
                                            "children": {
                                                "steps_from_proto": {
                                                    "total": 0.0005056999999997203,
                                                    "count": 1,
                                                    "is_parallel": true,
                                                    "self": 0.00022460000000101843,
                                                    "children": {
                                                        "_process_rank_one_or_two_observation": {
                                                            "total": 0.00028109999999870183,
                                                            "count": 2,
                                                            "is_parallel": true,
                                                            "self": 0.00028109999999870183
                                                        }
                                                    }
                                                },
                                                "UnityEnvironment.step": {
                                                    "total": 6.9499870999999676,
                                                    "count": 638,
                                                    "is_parallel": true,
                                                    "self": 0.05087940000003499,
                                                    "children": {
                                                        "UnityEnvironment._generate_step_input": {
                                                            "total": 0.24368649999998304,
                                                            "count": 638,
                                                            "is_parallel": true,
                                                            "self": 0.24368649999998304
                                                        },
                                                        "communicator.exchange": {
                                                            "total": 6.394228599999977,
                                                            "count": 638,
                                                            "is_parallel": true,
                                                            "self": 6.394228599999977
                                                        },
                                                        "steps_from_proto": {
                                                            "total": 0.2611925999999727,
                                                            "count": 638,
                                                            "is_parallel": true,
                                                            "self": 0.12165510000002655,
                                                            "children": {
                                                                "_process_rank_one_or_two_observation": {
                                                                    "total": 0.13953749999994614,
                                                                    "count": 1276,
                                                                    "is_parallel": true,
                                                                    "self": 0.13953749999994614
                                                                }
                                                            }
                                                        }
                                                    }
                                                }
                                            }
                                        }
                                    }
                                }
                            }
                        }
                    }
                },
                "trainer_threads": {
                    "total": 4.4900000002456864e-05,
                    "count": 1,
                    "self": 4.4900000002456864e-05,
                    "children": {
                        "thread_root": {
                            "total": 0.0,
                            "count": 0,
                            "is_parallel": true,
                            "self": 0.0,
                            "children": {
                                "trainer_advance": {
                                    "total": 9.751905199999975,