{
    "name": "root",
    "metadata": {
        "timer_format_version": "0.1.0",
        "start_time_seconds": "1647363150",
        "python_version": "3.9.0 (tags/v3.9.0:9cf6752, Oct  5 2020, 15:34:40) [MSC v.1927 64 bit (AMD64)]",
        "command_line_arguments": "C:\\Python39\\Scripts\\mlagents-learn --force",
        "mlagents_version": "0.25.0",
        "mlagents_envs_version": "0.25.0",
        "communication_protocol_version": "1.5.0",
        "pytorch_version": "1.7.1+cu110",
        "numpy_version": "1.19.5",
        "end_time_seconds": "1647363168"
    },
    "total": 17.611675899999998,
    "count": 1,
    "self": 0.004009399999997498,
    "children": {
        "run_training.setup": {
            "total": 0.03770950000000006,
            "count": 1,
            "self": 0.03770950000000006
        },
        "TrainerController.start_learning": {
            "total": 17.569957,
            "count": 1,
            "self": 0.02597420000003936,
            "children": {
                "TrainerController._reset_env": {
                    "total": 10.4839945,
                    "count": 1,
                    "self": 10.4839945
                },
                "TrainerController.advance": {
                    "total": 6.496752699999963,
                    "count": 577,
                    "self": 0.006960799999918166,
                    "children": {
                        "env_step": {
                            "total": 6.489791900000045,
                            "count": 577,
                            "self": 4.891199600000114,
                            "children": {
                                "SubprocessEnvManager._take_step": {
                                    "total": 1.5918996999999688,
                                    "count": 577,
                                    "self": 0.02827489999994981,
                                    "children": {
                                        "TorchPolicy.evaluate": {
                                            "total": 1.563624800000019,
                                            "count": 577,
                                            "self": 0.4989937000000335,
                                            "children": {
                                                "TorchPolicy.sample_actions": {
                                                    "total": 1.0646310999999855,
                                                    "count": 577,
                                                    "self": 1.0646310999999855
                                                }
                                            }
                                        }
                                    }
                                },
                                "workers": {
                                    "total": 0.006692599999961857,
                                    "count": 576,
                                    "self": 0.0,
                                    "children": {
                                        "worker_root": {
                                            "total": 9.788709799999985,
                                            "count": 576,
                                            "is_parallel": true,
                                            "self": 5.484535699999972,
                                            "children": {
                                                "steps_from_proto": {
                                                    "total": 0.0003261999999999432,
                                                    "count": 1,
                                                    "is_parallel": true,
                                                    "self": 0.00018869999999981957,
                                                    "children": {
                                                        "_process_rank_one_or_two_observation": {
                                                            "total": 0.00013750000000012363,
                                                            "count": 2,
                                                            "is_parallel": true,
                                                            "self": 0.00013750000000012363
                                                        }
                                                    }
                                                },
                                                "UnityEnvironment.step": {
                                                    "total": 4.303847900000013,
                                                    "count": 576,
                                                    "is_parallel": true,
                                                    "self": 0.03763809999999701,
                                                    "children": {
                                                        "UnityEnvironment._generate_step_input": {
                                                            "total": 0.09670370000002393,
                                                            "count": 576,
                                                            "is_parallel": true,
                                                            "self": 0.09670370000002393
                                                        },
                                                        "communicator.exchange": {
                                                            "total": 4.0195019999999815,
                                                            "count": 576,
                                                            "is_parallel": true,
                                                            "self": 4.0195019999999815
                                                        },
                                                        "steps_from_proto": {
                                                            "total": 0.15000410000001096,
                                                            "count": 576,
                                                            "is_parallel": true,
                                                            "self": 0.09251260000003114,
                                                            "children": {
                                                                "_process_rank_one_or_two_observation": {
                                                                    "total": 0.05749149999997982,
                                                                    "count": 1152,
                                                                    "is_parallel": true,
                                                                    "self": 0.05749149999997982
                                                                }
                                                            }
                                                        }
                                                    }
                                                }
                                            }
                                        }
                                    }
                                }
                            }
                        }
                    }
                },
                "trainer_threads": {
                    "total": 2.0599999999149077e-05,
                    "count": 1,
                    "self": 2.0599999999149077e-05,
                    "children": {
                        "thread_root": {
                            "total": 0.0,
                            "count": 0,
                            "is_parallel": true,
                            "self": 0.0,
                            "children": {
                                "trainer_advance": {
                                    "total": 6.514849100000026,
                                    "count": 418,