{
    "name": "root",
    "gauges": {
        "MyBehavior.Policy.Entropy.mean": {
            "value": 1.2947765588760376,
            "min": 1.2947765588760376,
            "max": 1.4175806045532227,
            "count": 10
        },
        "MyBehavior.Policy.Entropy.sum": {
            "value": 64767.3125,
            "min": 64767.3125,
            "max": 72696.3671875,
            "count": 10
        },
        "MyBehavior.Policy.ExtrinsicValueEstimate.mean": {
            "value": 0.9560499787330627,
            "min": -0.646719753742218,
            "max": 0.9560499787330627,
            "count": 10
        },
        "MyBehavior.Policy.ExtrinsicValueEstimate.sum": {
            "value": 4764.953125,
            "min": -668.708251953125,
            "max": 4764.953125,
            "count": 10
        },
        "MyBehavior.Environment.EpisodeLength.mean": {
            "value": 9.032504012841091,
            "min": 9.032504012841091,
            "max": 91.92843691148776,
            "count": 10
        },
        "MyBehavior.Environment.EpisodeLength.sum": {
            "value": 45018.0,
            "min": 45018.0,
            "max": 49154.0,
            "count": 10
        },
        "MyBehavior.Environment.CumulativeReward.mean": {
            "value": 1.0,
            "min": 0.5339622641509434,
            "max": 1.0,
            "count": 10
        },
        "MyBehavior.Environment.CumulativeReward.sum": {
            "value": 4984.0,
            "min": 283.0,
            "max": 4984.0,
            "count": 10
        },
        "MyBehavior.Policy.ExtrinsicReward.mean": {
            "value": 1.0,
            "min": 0.5339622641509434,
            "max": 1.0,
            "count": 10
        },
        "MyBehavior.Policy.ExtrinsicReward.sum": {
            "value": 4984.0,
            "min": 283.0,
            "max": 4984.0,
            "count": 10
        },
        "MyBehavior.Losses.PolicyLoss.mean": {
            "value": 0.02221885312659045,
            "min": 0.020906482059508562,
            "max": 0.026123749058072764,
            "count": 10
        },
        "MyBehavior.Losses.PolicyLoss.sum": {
            "value": 0.11109426563295226,
            "min": 0.08675665304375191,
            "max": 0.13061874529036382,
            "count": 10
        },
        "MyBehavior.Losses.ValueLoss.mean": {
            "value": 3.557372679400335e-05,
            "min": 3.557372679400335e-05,
            "max": 0.11411553552995124,
            "count": 10
        },
        "MyBehavior.Losses.ValueLoss.sum": {
            "value": 0.00017786863397001675,
            "min": 0.00017786863397001675,
            "max": 0.45646214211980496,
            "count": 10
        },
        "MyBehavior.Policy.LearningRate.mean": {
            "value": 1.6376494541199997e-05,
            "min": 1.6376494541199997e-05,
            "max": 0.0002842086052638,
            "count": 10
        },
        "MyBehavior.Policy.LearningRate.sum": {
            "value": 8.188247270599998e-05,
            "min": 8.188247270599998e-05,
            "max": 0.0012823968725343999,
            "count": 10
        },
        "MyBehavior.Policy.Epsilon.mean": {
            "value": 0.10545879999999999,
            "min": 0.10545879999999999,
            "max": 0.1947362,
            "count": 10
        },
        "MyBehavior.Policy.Epsilon.sum": {
            "value": 0.5272939999999999,
            "min": 0.49984039999999996,
            "max": 0.9274655999999999,
            "count": 10
        },
        "MyBehavior.Policy.Beta.mean": {
            "value": 0.0002823941199999999,
            "min": 0.0002823941199999999,
            "max": 0.00473733638,
            "count": 10
        },
        "MyBehavior.Policy.Beta.sum": {
            "value": 0.0014119705999999996,
            "min": 0.0014119705999999996,
            "max": 0.02138053344,
            "count": 10
        },
        "MyBehavior.IsTraining.mean": {
            "value": 1.0,
            "min": 1.0,
            "max": 1.0,
            "count": 10
        },
        "MyBehavior.IsTraining.sum": {
            "value": 1.0,
            "min": 1.0,
            "max": 1.0,
            "count": 10
        }
    },
    "metadata": {
        "timer_format_version": "0.1.0",
        "start_time_seconds": "1647379586",
        "python_version": "3.9.0 (tags/v3.9.0:9cf6752, Oct  5 2020, 15:34:40) [MSC v.1927 64 bit (AMD64)]",
        "command_line_arguments": "C:\\Python39\\Scripts\\mlagents-learn --run-id=test3 --force",
        "mlagents_version": "0.25.0",
        "mlagents_envs_version": "0.25.0",
        "communication_protocol_version": "1.5.0",
        "pytorch_version": "1.7.1+cu110",
        "numpy_version": "1.19.5",
        "end_time_seconds": "1647380169"
    },
    "total": 582.7347197,
    "count": 1,
    "self": 0.011834700000008525,
    "children": {
        "run_training.setup": {
            "total": 0.04003140000000016,
            "count": 1,
            "self": 0.04003140000000016
        },
        "TrainerController.start_learning": {
            "total": 582.6828536,
            "count": 1,
            "self": 0.7000380000034738,
            "children": {
                "TrainerController._reset_env": {
                    "total": 11.9278721,
                    "count": 1,
                    "self": 11.9278721
                },
                "TrainerController.advance": {
                    "total": 570.0018990999965,
                    "count": 25552,
                    "self": 0.33259339999881377,
                    "children": {
                        "env_step": {
                            "total": 569.6693056999977,
                            "count": 25552,
                            "self": 521.9471579999904,
                            "children": {
                                "SubprocessEnvManager._take_step": {
                                    "total": 47.36083929999975,
                                    "count": 25552,
                                    "self": 0.9145300000008874,
                                    "children": {
                                        "TorchPolicy.evaluate": {
                                            "total": 46.446309299998866,
                                            "count": 7944,
                                            "self": 9.02733410000046,
                                            "children": {
                                                "TorchPolicy.sample_actions": {
                                                    "total": 37.41897519999841,
                                                    "count": 7944,
                                                    "self": 37.41897519999841
                                                }
                                            }
                                        }
                                    }
                                },
                                "workers": {
                                    "total": 0.36130840000757836,
                                    "count": 25552,
                                    "self": 0.0,
                                    "children": {
                                        "worker_root": {
                                            "total": 573.501314000002,
                                            "count": 25552,
                                            "is_parallel": true,
                                            "self": 179.40231020000164,
                                            "children": {
                                                "steps_from_proto": {
                                                    "total": 0.0009937999999998226,
                                                    "count": 1,
                                                    "is_parallel": true,
                                                    "self": 0.0001946000000003778,