{
    "name": "root",
    "gauges": {
        "AvoidObstacles.Policy.Entropy.mean": {
            "value": 1.0780181884765625,
            "min": 1.0517206192016602,
            "max": 1.3271242380142212,
            "count": 32
        },
        "AvoidObstacles.Policy.Entropy.sum": {
            "value": 21387.880859375,
            "min": 20849.310546875,
            "max": 26882.228515625,
            "count": 32
        },
        "AvoidObstacles.Environment.EpisodeLength.mean": {
            "value": 150.11278195488723,
            "min": 121.29936305732484,
            "max": 171.39830508474577,
            "count": 32
        },
        "AvoidObstacles.Environment.EpisodeLength.sum": {
            "value": 19965.0,
            "min": 18829.0,
            "max": 20693.0,
            "count": 32
        },
        "AvoidObstacles.Policy.ExtrinsicValueEstimate.mean": {
            "value": -0.3044510781764984,
            "min": -0.4534567594528198,
            "max": -0.26638707518577576,
            "count": 32
        },
        "AvoidObstacles.Policy.ExtrinsicValueEstimate.sum": {
            "value": -112.64689636230469,
            "min": -171.860107421875,
            "max": -97.76405334472656,
            "count": 32
        },
        "AvoidObstacles.Environment.CumulativeReward.mean": {
            "value": -0.599999977569831,
            "min": -0.7235668548827718,
            "max": -0.5325203023669196,
            "count": 32
        },
        "AvoidObstacles.Environment.CumulativeReward.sum": {
            "value": -79.79999701678753,
            "min": -113.89999622106552,
            "max": -64.59999734908342,
            "count": 32
        },
        "AvoidObstacles.Policy.ExtrinsicReward.mean": {
            "value": -0.599999977569831,
            "min": -0.7235668548827718,
            "max": -0.5325203023669196,
            "count": 32
        },
        "AvoidObstacles.Policy.ExtrinsicReward.sum": {
            "value": -79.79999701678753,
            "min": -113.89999622106552,
            "max": -64.59999734908342,
            "count": 32
        },
        "AvoidObstacles.Losses.PolicyLoss.mean": {
            "value": 0.040865190745400334,
            "min": 0.038185839267578306,
            "max": 0.04973846755660417,
            "count": 32
        },
        "AvoidObstacles.Losses.PolicyLoss.sum": {
            "value": 0.735573433417206,
            "min": 0.7255309460839878,
            "max": 0.9450308835754792,
            "count": 32
        },
        "AvoidObstacles.Losses.ValueLoss.mean": {
            "value": 0.04469638860232576,
            "min": 0.0346161934032448,
            "max": 0.09823281969875099,
            "count": 32
        },
        "AvoidObstacles.Losses.ValueLoss.sum": {
            "value": 0.8045349948418637,
            "min": 0.6577076746616513,
            "max": 1.7681907545775177,
            "count": 32
        },
        "AvoidObstacles.Policy.LearningRate.mean": {
            "value": 0.0002962202835932392,
            "min": 0.0002962202835932392,
            "max": 0.0002999398723533759,
            "count": 32
        },
        "AvoidObstacles.Policy.LearningRate.sum": {
            "value": 0.005331965104678305,
            "min": 0.005331965104678305,
            "max": 0.005696623027125658,
            "count": 32
        },
        "AvoidObstacles.Policy.Epsilon.mean": {
            "value": 0.19874009411111113,
            "min": 0.19874009411111113,
            "max": 0.19997995744444444,
            "count": 32
        },
        "AvoidObstacles.Policy.Epsilon.sum": {
            "value": 3.577321694,
            "min": 3.577321694,
            "max": 3.798874342,
            "count": 32
        },
        "AvoidObstacles.Policy.Beta.mean": {
            "value": 0.0004938264611444445,
            "min": 0.0004938264611444445,
            "max": 0.0004999017914777778,
            "count": 32
        },
        "AvoidObstacles.Policy.Beta.sum": {
            "value": 0.008888876300600002,
            "min": 0.008888876300600002,
            "max": 0.0094944842758,
            "count": 32
        },
        "AvoidObstacles.IsTraining.mean": {
            "value": 1.0,
            "min": 1.0,
            "max": 1.0,
            "count": 32
        },
        "AvoidObstacles.IsTraining.sum": {
            "value": 1.0,
            "min": 1.0,
            "max": 1.0,
            "count": 32
        }
    },
    "metadata": {
        "timer_format_version": "0.1.0",
        "start_time_seconds": "1647969182",
        "python_version": "3.9.0 (tags/v3.9.0:9cf6752, Oct  5 2020, 15:34:40) [MSC v.1927 64 bit (AMD64)]",
        "command_line_arguments": "C:\\Python39\\Scripts\\mlagents-learn Config\\AvoidObstacles.yaml --run-id=FindTarget10 --force",
        "mlagents_version": "0.25.0",
        "mlagents_envs_version": "0.25.0",
        "communication_protocol_version": "1.5.0",
        "pytorch_version": "1.7.1+cu110",
        "numpy_version": "1.19.5",
        "end_time_seconds": "1647971187"
    },
    "total": 2004.4782698,
    "count": 1,
    "self": 0.007132899999987785,
    "children": {
        "run_training.setup": {
            "total": 0.10988979999999993,
            "count": 1,
            "self": 0.10988979999999993
        },
        "TrainerController.start_learning": {
            "total": 2004.3612471,
            "count": 1,
            "self": 2.4166573999841603,
            "children": {
                "TrainerController._reset_env": {
                    "total": 12.8063553,
                    "count": 1,
                    "self": 12.8063553
                },
                "TrainerController.advance": {
                    "total": 1989.0573643000157,
                    "count": 84187,
                    "self": 1.1025017000094977,
                    "children": {
                        "env_step": {
                            "total": 1987.9548626000062,
                            "count": 84187,
                            "self": 1721.176022000067,
                            "children": {
                                "SubprocessEnvManager._take_step": {
                                    "total": 265.55676749996314,
                                    "count": 84187,
                                    "self": 5.278794399965761,
                                    "children": {
                                        "TorchPolicy.evaluate": {
                                            "total": 260.2779730999974,
                                            "count": 81067,
                                            "self": 104.46276869998223,
                                            "children": {
                                                "TorchPolicy.sample_actions": {
                                                    "total": 155.81520440001515,
                                                    "count": 81067,
                                                    "self": 155.81520440001515
                                                }
                                            }
                                        }
                                    }
                                },
                                "workers": {
                                    "total": 1.222073099976079,
                                    "count": 84186,
                                    "self": 0.0,
                                    "children": {
                                        "worker_root": {
                                            "total": 1991.9688700999948,
                                            "count": 84186,
                                            "is_parallel": true,
                                            "self": 515.5650483999859,